Workbook

Sheet Schedule March_26
B1: No. | C1: GROUP | D1: NAME | E1: POSITION | F1: 46057 | G1: 46058 | H1: 46059 | I1: 46060 | J1: 46061 | K1: 46062 | L1: 46063 | M1: 46064 | N1: 46065 | O1: 46066 | P1: 46067 | Q1: 46068 | R1: 46069 | S1: 46070 | T1: 46071 | U1: 46072 | V1: 46073 | W1: 46074 | X1: 46075 | Y1: 46076 | Z1: 46077 | AA1: 46078 | AB1: 46079 | AC1: 46080 | AD1: 46081 | AE1: 46082 | AF1: 46083 | AG1: 46084 | AH1: 46085 | AI1: 46086 | AJ1: 46087 | AK1: 46088 | AL1: 46089 | AM1: 46090 | AN1: 46091 | AO1: 46092 | AP1: 46093 | AQ1: 46094 | AR1: 46095 | AS1: 46096 | AT1: 46097 | AU1: 46098 | AV1: 46099 | AW1: 46100 | AX1: 46101 | AY1: 46102 | AZ1: 46103 | BA1: 46104 | BB1: 46105 | BC1: 46106 | BD1: 46107 | BE1: 46108 | BF1: 46109 | BG1: 46110 | BH1: 46111 | BI1: 46112 | BJ1: 46113 | BK1: 46114 | BL1: 46115 | BN1: Workdays | BO1: Day off | BP1: A | BQ1: B | BR1: C | BS1: D | BT1: E
B2: No. | C2: New | F2: =CHOOSE(WEEKDAY(F1),"Sun","Mon","Tue","Wed","Thu","Fri","Sat") -> Wed | G2: =CHOOSE(WEEKDAY(G1),"Sun","Mon","Tue","Wed","Thu","Fri","Sat") -> Thu | H2: =CHOOSE(WEEKDAY(H1),"Sun","Mon","Tue","Wed","Thu","Fri","Sat") -> Fri | I2: =CHOOSE(WEEKDAY(I1),"Sun","Mon","Tue","Wed","Thu","Fri","Sat") -> Sat | J2: =CHOOSE(WEEKDAY(J1),"Sun","Mon","Tue","Wed","Thu","Fri","Sat") -> Sun | K2: =CHOOSE(WEEKDAY(K1),"Sun","Mon","Tue","Wed","Thu","Fri","Sat") -> Mon | L2: =CHOOSE(WEEKDAY(L1),"Sun","Mon","Tue","Wed","Thu","Fri","Sat") -> Tue | M2: =CHOOSE(WEEKDAY(M1),"Sun","Mon","Tue","Wed","Thu","Fri","Sat") -> Wed | ... BL2: =CHOOSE(WEEKDAY(BL1),"Sun","Mon","Tue","Wed","Thu","Fri","Sat") -> Fri
F3: =COUNTIF(F4:F125,"<>0") -> 118 | G3: =COUNTIF(G4:G125,"<>0") -> 118 | H3: =COUNTIF(H4:H125,"<>0") -> 118 | I3: =COUNTIF(I4:I125,"<>0") -> 67 | J3: =COUNTIF(J4:J125,"<>0") -> 64 | K3: =COUNTIF(K4:K125,"<>0") -> 103 | L3: =COUNTIF(L4:L125,"<>0") -> 116 | M3: =COUNTIF(M4:M125,"<>0") -> 112 | ... BL3: =COUNTIF(BL4:BL125,"<>0") -> 115
A4: 1 | B4: 1 | C4: T1 | D4: Nguyễn Quốc Duy | E4: Agent | F4: A | G4: A | H4: A | I4: A | J4: 0 | K4: E | L4: E | M4: E | N4: E | Q4: 0 | R4: H | S4: H | T4: H | U4: H | V4: H | W4: 0 | X4: E | Y4: E | Z4: E | AA4: E | AB4: E | AC4: E | AD4: 0 | AE4: D | AF4: D | AG4: D | AH4: D | AI4: D | AJ4: D | AK4: D | AL4: 0 | AM4: D | AN4: D | AO4: D | AP4: D | AQ4: D | AR4: D | AS4: D | AT4: 0 | AU4: C | AV4: C | AW4: C | AX4: C | AY4: 0 | AZ4: C | BA4: C | BB4: C | BC4: C | BD4: C | BE4: C | BF4: C | BG4: 0 | BH4: B | BI4: B | BJ4: B | BK4: B | BL4: B | BN4: =SUM(BP4:BT4) -> 44 | BO4: =COUNTIF($F4:$BM4,"0") -> 8 | BP4: =COUNTIF($F4:$BM4,BP$1) -> 4 | BQ4: =COUNTIF($F4:$BM4,BQ$1) -> 5 | BR4: =COUNTIF($F4:$BM4,BR$1) -> 11 | BS4: =COUNTIF($F4:$BM4,BS$1) -> 14 | BT4: =COUNTIF($F4:$BM4,BT$1) -> 10
A5: 2 | B5: 2 | C5: T1 | D5: Trương Thị Như Ngọc | E5: Agent | F5: A | G5: A | H5: A | I5: A | J5: 0 | K5: E | L5: E | M5: E | N5: E | O5: E | Q5: 0 | R5: H | S5: H | T5: H | U5: H | V5: H | W5: 0 | X5: E | Y5: E | Z5: E | AA5: E | AB5: E | AC5: E | AD5: 0 | AE5: D | AF5: D | AG5: D | AH5: D | AI5: D | AJ5: D | AK5: D | AL5: 0 | AM5: D | AN5: D | AO5: D | AP5: D | AQ5: D | AR5: D | AS5: D | AT5: 0 | AU5: C | AV5: C | AW5: C | AX5: C | AY5: 0 | AZ5: C | BA5: C | BB5: C | BC5: C | BD5: C | BE5: C | BF5: C | BG5: 0 | BH5: B | BI5: B | BJ5: B | BK5: B | BL5: B | BN5: =SUM(BP5:BT5) -> 45 | BO5: =COUNTIF($F5:$BM5,"0") -> 8 | BP5: =COUNTIF($F5:$BM5,BP$1) -> 4 | BQ5: =COUNTIF($F5:$BM5,BQ$1) -> 5 | BR5: =COUNTIF($F5:$BM5,BR$1) -> 11 | BS5: =COUNTIF($F5:$BM5,BS$1) -> 14 | BT5: =COUNTIF($F5:$BM5,BT$1) -> 11
A6: 3 | B6: 3 | C6: T1 | D6: Nguyễn Thành Quang | E6: Agent | F6: A | G6: A | H6: A | I6: A | J6: 0 | K6: E | L6: E | M6: E | N6: E | O6: E | P6: E | Q6: 0 | R6: H | S6: H | T6: H | U6: H | V6: H | W6: 0 | X6: E | Y6: E | Z6: E | AA6: E | AB6: E | AC6: E | AD6: E | AE6: 0 | AF6: D | AG6: D | AH6: D | AI6: D | AJ6: D | AK6: D | AL6: D | AM6: 0 | AN6: D | AO6: D | AP6: D | AQ6: D | AR6: D | AS6: D | AT6: 0 | AU6: C | AV6: C | AW6: C | AX6: C | AY6: 0 | AZ6: C | BA6: C | BB6: C | BC6: C | BD6: C | BE6: C | BF6: C | BG6: 0 | BH6: B | BI6: B | BJ6: B | BK6: B | BL6: B | BN6: =SUM(BP6:BT6) -> 46 | BO6: =COUNTIF($F6:$BM6,"0") -> 8 | BP6: =COUNTIF($F6:$BM6,BP$1) -> 4 | BQ6: =COUNTIF($F6:$BM6,BQ$1) -> 5 | BR6: =COUNTIF($F6:$BM6,BR$1) -> 11 | BS6: =COUNTIF($F6:$BM6,BS$1) -> 13 | BT6: =COUNTIF($F6:$BM6,BT$1) -> 13
A7: 4 | B7: 4 | C7: T1 | D7: Phan Hoàng Chin Na | E7: Agent | F7: A | G7: A | H7: A | I7: A | J7: 0 | K7: E | L7: E | M7: E | N7: E | O7: E | P7: E | Q7: 0 | R7: E | S7: H | T7: E | U7: E | V7: E | W7: E | X7: 0 | Y7: E | Z7: E | AA7: E | AB7: E | AC7: E | AD7: E | AE7: 0 | AF7: D | AG7: D | AH7: D | AI7: D | AJ7: D | AK7: D | AL7: 0 | AM7: D | AN7: D | AO7: D | AP7: D | AQ7: D | AR7: D | AS7: D | AT7: 0 | AU7: C | AV7: C | AW7: C | AX7: C | AY7: 0 | AZ7: C | BA7: C | BB7: C | BC7: C | BD7: C | BE7: C | BF7: C | BG7: 0 | BH7: B | BI7: B | BJ7: B | BK7: B | BL7: B | BN7: =SUM(BP7:BT7) -> 50 | BO7: =COUNTIF($F7:$BM7,"0") -> 8 | BP7: =COUNTIF($F7:$BM7,BP$1) -> 4 | BQ7: =COUNTIF($F7:$BM7,BQ$1) -> 5 | BR7: =COUNTIF($F7:$BM7,BR$1) -> 11 | BS7: =COUNTIF($F7:$BM7,BS$1) -> 13 | BT7: =COUNTIF($F7:$BM7,BT$1) -> 17
A8: 5 | B8: 5 | C8: T1 | D8: Lưu Ngọc Mai | E8: Agent | F8: A | G8: A | H8: A | I8: A | J8: 0 | K8: E | L8: E | M8: E | N8: E | O8: E | P8: 0 | Q8: D | R8: D | S8: D | T8: D | U8: D | V8: D | W8: 0 | X8: D | Y8: D | Z8: D | AA8: D | AB8: D | AC8: D | AD8: D | AE8: 0 | AF8: D | AG8: D | AH8: D | AI8: D | AJ8: D | AK8: D | AL8: 0 | AM8: D | AN8: D | AO8: D | AP8: D | AQ8: D | AR8: D | AS8: D | AT8: 0 | AU8: C | AV8: C | AW8: C | AX8: C | AY8: 0 | AZ8: C | BA8: C | BB8: C | BC8: C | BD8: C | BE8: C | BF8: C | BG8: 0 | BH8: B | BI8: B | BJ8: B | BK8: B | BL8: B | BN8: =SUM(BP8:BT8) -> 51 | BO8: =COUNTIF($F8:$BM8,"0") -> 8 | BP8: =COUNTIF($F8:$BM8,BP$1) -> 4 | BQ8: =COUNTIF($F8:$BM8,BQ$1) -> 5 | BR8: =COUNTIF($F8:$BM8,BR$1) -> 11 | BS8: =COUNTIF($F8:$BM8,BS$1) -> 26 | BT8: =COUNTIF($F8:$BM8,BT$1) -> 5
A9: 6 | B9: 6 | C9: T2 | D9: Ngô Thục Oanh | E9: Agent | F9: E | G9: E | H9: E | I9: 0 | J9: E | K9: E | L9: E | M9: E | N9: E | Q9: 0 | R9: H | S9: H | T9: E | U9: E | V9: E | W9: 0 | X9: D | Y9: D | Z9: D | AA9: D | AB9: D | AC9: D | AD9: D | AE9: 0 | AF9: D | AG9: D | AH9: D | AI9: D | AJ9: D | AK9: D | AL9: D | AM9: 0 | AN9: C | AO9: C | AP9: C | AQ9: C | AR9: 0 | AS9: C | AT9: C | AU9: C | AV9: C | AW9: C | AX9: C | AY9: C | AZ9: 0 | BA9: B | BB9: B | BC9: B | BD9: B | BE9: B | BF9: B | BG9: 0 | BH9: E | BI9: E | BJ9: E | BK9: E | BL9: E | BN9: =SUM(BP9:BT9) -> 47 | BO9: =COUNTIF($F9:$BM9,"0") -> 8 | BP9: =COUNTIF($F9:$BM9,BP$1) -> 0 | BQ9: =COUNTIF($F9:$BM9,BQ$1) -> 6 | BR9: =COUNTIF($F9:$BM9,BR$1) -> 11 | BS9: =COUNTIF($F9:$BM9,BS$1) -> 14 | BT9: =COUNTIF($F9:$BM9,BT$1) -> 16
A10: 7 | B10: 7 | C10: T2 | D10: Lê Khương Duy | E10: Agent | F10: E | G10: E | H10: E | I10: 0 | J10: E | K10: E | L10: E | M10: E | N10: E | O10: E | P10: 0 | Q10: E | R10: E | S10: E | T10: H | U10: H | V10: E | W10: 0 | X10: D | Y10: D | Z10: D | AA10: D | AB10: D | AC10: D | AD10: D | AE10: 0 | AF10: D | AG10: D | AH10: D | AI10: D | AJ10: D | AK10: D | AL10: D | AM10: 0 | AN10: C | AO10: C | AP10: C | AQ10: C | AR10: 0 | AS10: C | AT10: C | AU10: C | AV10: C | AW10: C | AX10: C | AY10: C | AZ10: 0 | BA10: B | BB10: B | BC10: B | BD10: B | BE10: B | BF10: 0 | BG10: B | BH10: B | BI10: B | BJ10: B | BK10: B | BL10: B | BN10: =SUM(BP10:BT10) -> 49 | BO10: =COUNTIF($F10:$BM10,"0") -> 8 | BP10: =COUNTIF($F10:$BM10,BP$1) -> 0 | BQ10: =COUNTIF($F10:$BM10,BQ$1) -> 11 | BR10: =COUNTIF($F10:$BM10,BR$1) -> 11 | BS10: =COUNTIF($F10:$BM10,BS$1) -> 14 | BT10: =COUNTIF($F10:$BM10,BT$1) -> 13
A11: 8 | B11: 8 | C11: T2 | D11: Trần Hà Phương Uyên | E11: Agent | F11: E | G11: E | H11: E | I11: 0 | J11: E | K11: E | L11: E | M11: E | N11: E | O11: E | P11: 0 | Q11: D | R11: D | S11: D | T11: D | U11: D | V11: D | W11: 0 | X11: D | Y11: D | Z11: D | AA11: D | AB11: D | AC11: D | AD11: D | AE11: 0 | AF11: D | AG11: D | AH11: D | AI11: D | AJ11: D | AK11: D | AL11: D | AM11: 0 | AN11: C | AO11: C | AP11: C | AQ11: C | AR11: 0 | AS11: C | AT11: C | AU11: C | AV11: C | AW11: C | AX11: C | AY11: C | AZ11: 0 | BA11: B | BB11: B | BC11: B | BD11: B | BE11: B | BF11: 0 | BG11: B | BH11: B | BI11: B | BJ11: B | BK11: B | BL11: B | BN11: =SUM(BP11:BT11) -> 51 | BO11: =COUNTIF($F11:$BM11,"0") -> 8 | BP11: =COUNTIF($F11:$BM11,BP$1) -> 0 | BQ11: =COUNTIF($F11:$BM11,BQ$1) -> 11 | BR11: =COUNTIF($F11:$BM11,BR$1) -> 11 | BS11: =COUNTIF($F11:$BM11,BS$1) -> 20 | BT11: =COUNTIF($F11:$BM11,BT$1) -> 9
A12: 9 | B12: 9 | C12: T2 | D12: Vũ Đình Nguyễn | E12: Agent | F12: E | G12: E | H12: E | I12: 0 | J12: E | K12: E | L12: E | M12: E | N12: E | O12: E | Q12: 0 | R12: H | S12: H | T12: H | U12: H | V12: H | W12: 0 | X12: D | Y12: D | Z12: D | AA12: D | AB12: D | AC12: D | AD12: D | AE12: 0 | AF12: D | AG12: D | AH12: D | AI12: D | AJ12: D | AK12: D | AL12: D | AM12: 0 | AN12: C | AO12: C | AP12: C | AQ12: C | AR12: 0 | AS12: C | AT12: C | AU12: C | AV12: C | AW12: C | AX12: C | AY12: C | AZ12: 0 | BA12: B | BB12: B | BC12: B | BD12: B | BE12: B | BF12: 0 | BG12: B | BH12: B | BI12: B | BJ12: B | BK12: B | BL12: B | BN12: =SUM(BP12:BT12) -> 45 | BO12: =COUNTIF($F12:$BM12,"0") -> 8 | BP12: =COUNTIF($F12:$BM12,BP$1) -> 0 | BQ12: =COUNTIF($F12:$BM12,BQ$1) -> 11 | BR12: =COUNTIF($F12:$BM12,BR$1) -> 11 | BS12: =COUNTIF($F12:$BM12,BS$1) -> 14 | BT12: =COUNTIF($F12:$BM12,BT$1) -> 9
A13: 10 | B13: 10 | C13: T2 | D13: Ngô Minh Đức | E13: Agent | F13: E | G13: E | H13: E | I13: 0 | J13: E | K13: E | L13: E | M13: E | N13: E | O13: E | P13: 0 | Q13: E | R13: E | S13: H | T13: H | U13: H | V13: H | W13: 0 | X13: D | Y13: D | Z13: D | AA13: D | AB13: D | AC13: D | AD13: D | AE13: 0 | AF13: D | AG13: D | AH13: D | AI13: D | AJ13: D | AK13: D | AL13: D | AM13: 0 | AN13: C | AO13: C | AP13: C | AQ13: C | AR13: 0 | AS13: C | AT13: C | AU13: C | AV13: C | AW13: C | AX13: C | AY13: C | AZ13: 0 | BA13: B | BB13: B | BC13: B | BD13: B | BE13: B | BF13: 0 | BG13: B | BH13: B | BI13: B | BJ13: B | BK13: B | BL13: B | BN13: =SUM(BP13:BT13) -> 47 | BO13: =COUNTIF($F13:$BM13,"0") -> 8 | BP13: =COUNTIF($F13:$BM13,BP$1) -> 0 | BQ13: =COUNTIF($F13:$BM13,BQ$1) -> 11 | BR13: =COUNTIF($F13:$BM13,BR$1) -> 11 | BS13: =COUNTIF($F13:$BM13,BS$1) -> 14 | BT13: =COUNTIF($F13:$BM13,BT$1) -> 11
A14: 11 | B14: 11 | C14: T3 | D14: Trần Đình Tú | E14: Agent | F14: E | G14: E | H14: E | I14: E | J14: 0 | K14: E | L14: E | M14: E | N14: E | O14: E | P14: E | Q14: 0 | R14: D | S14: D | T14: D | U14: D | V14: D | W14: D | X14: 0 | Y14: D | Z14: D | AA14: D | AB14: D | AC14: D | AD14: D | AE14: D | AF14: 0 | AG14: C | AH14: C | AI14: C | AJ14: C | AK14: 0 | AL14: C | AM14: C | AN14: C | AO14: C | AP14: C | AQ14: C | AR14: C | AS14: 0 | AT14: B | AU14: B | AV14: B | AW14: B | AX14: B | AY14: 0 | AZ14: B | BA14: B | BB14: B | BC14: B | BD14: B | BE14: B | BF14: B | BG14: 0 | BH14: A | BI14: A | BJ14: A | BK14: A | BL14: A | BN14: =SUM(BP14:BT14) -> 51 | BO14: =COUNTIF($F14:$BM14,"0") -> 8 | BP14: =COUNTIF($F14:$BM14,BP$1) -> 5 | BQ14: =COUNTIF($F14:$BM14,BQ$1) -> 12 | BR14: =COUNTIF($F14:$BM14,BR$1) -> 11 | BS14: =COUNTIF($F14:$BM14,BS$1) -> 13 | BT14: =COUNTIF($F14:$BM14,BT$1) -> 10
A15: 12 | B15: 12 | C15: T3 | D15: Huỳnh Thị Thanh Huyền | E15: Agent | F15: E | G15: E | H15: E | I15: E | J15: 0 | K15: E | L15: E | M15: E | N15: E | O15: E | P15: 0 | R15: H | S15: H | T15: H | U15: H | V15: D | W15: D | X15: 0 | Y15: D | Z15: D | AA15: D | AB15: D | AC15: D | AD15: D | AE15: D | AF15: 0 | AG15: C | AH15: C | AI15: C | AJ15: C | AK15: C | AL15: 0 | AM15: C | AN15: C | AO15: C | AP15: C | AQ15: C | AR15: C | AS15: 0 | AT15: B | AU15: B | AV15: B | AW15: B | AX15: B | AY15: 0 | AZ15: B | BA15: B | BB15: B | BC15: B | BD15: B | BE15: B | BF15: B | BG15: 0 | BH15: A | BI15: A | BJ15: A | BK15: A | BL15: A | BN15: =SUM(BP15:BT15) -> 46 | BO15: =COUNTIF($F15:$BM15,"0") -> 8 | BP15: =COUNTIF($F15:$BM15,BP$1) -> 5 | BQ15: =COUNTIF($F15:$BM15,BQ$1) -> 12 | BR15: =COUNTIF($F15:$BM15,BR$1) -> 11 | BS15: =COUNTIF($F15:$BM15,BS$1) -> 9 | BT15: =COUNTIF($F15:$BM15,BT$1) -> 9
A16: 13 | B16: 13 | C16: T3 | D16: Đỗ Lê Quốc Thành | E16: Agent | F16: E | G16: E | H16: E | I16: E | J16: 0 | K16: E | L16: E | M16: E | Q16: 0 | R16: H | S16: H | T16: H | U16: D | V16: D | W16: D | X16: 0 | Y16: D | Z16: D | AA16: D | AB16: D | AC16: D | AD16: D | AE16: D | AF16: 0 | AG16: C | AH16: C | AI16: C | AJ16: C | AK16: 0 | AL16: C | AM16: C | AN16: C | AO16: C | AP16: C | AQ16: C | AR16: C | AS16: 0 | AT16: B | AU16: B | AV16: B | AW16: B | AX16: B | AY16: 0 | AZ16: B | BA16: B | BB16: B | BC16: B | BD16: B | BE16: B | BF16: B | BG16: 0 | BH16: A | BI16: A | BJ16: A | BK16: A | BL16: A | BN16: =SUM(BP16:BT16) -> 45 | BO16: =COUNTIF($F16:$BM16,"0") -> 8 | BP16: =COUNTIF($F16:$BM16,BP$1) -> 5 | BQ16: =COUNTIF($F16:$BM16,BQ$1) -> 12 | BR16: =COUNTIF($F16:$BM16,BR$1) -> 11 | BS16: =COUNTIF($F16:$BM16,BS$1) -> 10 | BT16: =COUNTIF($F16:$BM16,BT$1) -> 7
A17: 14 | B17: 14 | C17: T3 | D17: Nguyễn Khánh Duy | E17: Agent | F17: E | G17: E | H17: E | I17: E | J17: 0 | K17: E | L17: E | M17: E | N17: E | O17: E | P17: 0 | Q17: D | R17: D | S17: D | T17: D | U17: D | V17: D | W17: D | X17: 0 | Y17: D | Z17: D | AA17: D | AB17: D | AC17: D | AD17: D | AE17: D | AF17: 0 | AG17: C | AH17: C | AI17: C | AJ17: C | AK17: 0 | AL17: C | AM17: C | AN17: C | AO17: C | AP17: C | AQ17: C | AR17: C | AS17: 0 | AT17: B | AU17: B | AV17: B | AW17: B | AX17: B | AY17: B | AZ17: 0 | BA17: B | BB17: B | BC17: B | BD17: B | BE17: B | BF17: B | BG17: 0 | BH17: A | BI17: A | BJ17: A | BK17: A | BL17: A | BN17: =SUM(BP17:BT17) -> 51 | BO17: =COUNTIF($F17:$BM17,"0") -> 8 | BP17: =COUNTIF($F17:$BM17,BP$1) -> 5 | BQ17: =COUNTIF($F17:$BM17,BQ$1) -> 12 | BR17: =COUNTIF($F17:$BM17,BR$1) -> 11 | BS17: =COUNTIF($F17:$BM17,BS$1) -> 14 | BT17: =COUNTIF($F17:$BM17,BT$1) -> 9
A18: 15 | B18: 15 | C18: T3 | D18: Nguyễn Mai Việt Tính | E18: Agent | F18: E | G18: E | H18: E | I18: E | J18: 0 | K18: E | L18: E | M18: E | N18: E | O18: E | P18: 0 | R18: H | S18: H | T18: H | U18: H | V18: H | X18: 0 | Y18: D | Z18: D | AA18: D | AB18: D | AC18: D | AD18: D | AE18: D | AF18: 0 | AG18: C | AH18: C | AI18: C | AJ18: C | AK18: 0 | AL18: C | AM18: C | AN18: C | AO18: C | AP18: C | AQ18: C | AR18: C | AS18: 0 | AT18: B | AU18: B | AV18: B | AW18: B | AX18: B | AY18: 0 | AZ18: B | BA18: B | BB18: B | BC18: B | BD18: B | BE18: B | BF18: B | BG18: 0 | BH18: A | BI18: A | BJ18: A | BK18: A | BL18: A | BN18: =SUM(BP18:BT18) -> 44 | BO18: =COUNTIF($F18:$BM18,"0") -> 8 | BP18: =COUNTIF($F18:$BM18,BP$1) -> 5 | BQ18: =COUNTIF($F18:$BM18,BQ$1) -> 12 | BR18: =COUNTIF($F18:$BM18,BR$1) -> 11 | BS18: =COUNTIF($F18:$BM18,BS$1) -> 7 | BT18: =COUNTIF($F18:$BM18,BT$1) -> 9
A19: 16 | B19: 16 | C19: T4 | D19: Võ Tuấn Vĩ | E19: Agent | F19: E | G19: E | H19: E | I19: 0 | J19: D | K19: D | L19: D | M19: D | N19: D | Q19: 0 | R19: H | S19: H | T19: H | U19: H | V19: H | W19: 0 | X19: C | Y19: C | Z19: C | AA19: C | AB19: C | AC19: C | AD19: 0 | AE19: C | AF19: C | AG19: C | AH19: C | AI19: C | AJ19: C | AK19: 0 | AL19: B | AM19: B | AN19: B | AO19: B | AP19: B | AQ19: B | AR19: 0 | AS19: B | AT19: B | AU19: B | AV19: B | AW19: B | AX19: B | AY19: B | AZ19: 0 | BA19: A | BB19: A | BC19: A | BD19: A | BE19: A | BF19: 0 | BG19: A | BH19: A | BI19: A | BJ19: A | BK19: A | BL19: A | BN19: =SUM(BP19:BT19) -> 44 | BO19: =COUNTIF($F19:$BM19,"0") -> 8 | BP19: =COUNTIF($F19:$BM19,BP$1) -> 11 | BQ19: =COUNTIF($F19:$BM19,BQ$1) -> 13 | BR19: =COUNTIF($F19:$BM19,BR$1) -> 12 | BS19: =COUNTIF($F19:$BM19,BS$1) -> 5 | BT19: =COUNTIF($F19:$BM19,BT$1) -> 3
A20: 17 | B20: 17 | C20: T4 | D20: Nguyễn Hữu Thọ | E20: Agent | F20: E | G20: E | H20: E | I20: 0 | J20: D | K20: D | L20: D | M20: D | N20: D | O20: D | P20: D | Q20: 0 | R20: D | S20: D | T20: D | U20: D | V20: D | Y20: 0 | Z20: C | AA20: C | AB20: C | AC20: C | AD20: C | AE20: 0 | AF20: C | AG20: C | AH20: C | AI20: C | AJ20: C | AK20: 0 | AL20: B | AM20: B | AN20: B | AO20: B | AP20: B | AQ20: B | AR20: 0 | AS20: B | AT20: B | AU20: B | AV20: B | AW20: B | AX20: B | AY20: 0 | AZ20: A | BA20: A | BB20: A | BC20: A | BD20: A | BE20: A | BF20: 0 | BG20: A | BH20: A | BI20: A | BJ20: A | BK20: A | BL20: A | BN20: =SUM(BP20:BT20) -> 49 | BO20: =COUNTIF($F20:$BM20,"0") -> 8 | BP20: =COUNTIF($F20:$BM20,BP$1) -> 12 | BQ20: =COUNTIF($F20:$BM20,BQ$1) -> 12 | BR20: =COUNTIF($F20:$BM20,BR$1) -> 10 | BS20: =COUNTIF($F20:$BM20,BS$1) -> 12 | BT20: =COUNTIF($F20:$BM20,BT$1) -> 3
A21: 18 | B21: 18 | C21: T4 | D21: Nhâm Bổn Tường | E21: Agent | F21: E | G21: E | H21: E | I21: 0 | J21: D | K21: D | L21: D | M21: D | N21: D | O21: D | P21: D | Q21: 0 | R21: H | S21: H | T21: H | U21: H | V21: H | X21: 0 | Y21: C | Z21: C | AA21: C | AB21: C | AC21: C | AD21: 0 | AE21: C | AF21: C | AG21: C | AH21: C | AI21: C | AJ21: C | AK21: C | AL21: 0 | AM21: B | AN21: B | AO21: B | AP21: B | AQ21: B | AR21: 0 | AS21: B | AT21: B | AU21: B | AV21: B | AW21: B | AX21: B | AY21: B | AZ21: 0 | BA21: A | BB21: A | BC21: A | BD21: A | BE21: A | BF21: 0 | BG21: A | BH21: A | BI21: A | BJ21: A | BK21: A | BL21: A | BN21: =SUM(BP21:BT21) -> 45 | BO21: =COUNTIF($F21:$BM21,"0") -> 8 | BP21: =COUNTIF($F21:$BM21,BP$1) -> 11 | BQ21: =COUNTIF($F21:$BM21,BQ$1) -> 12 | BR21: =COUNTIF($F21:$BM21,BR$1) -> 12 | BS21: =COUNTIF($F21:$BM21,BS$1) -> 7 | BT21: =COUNTIF($F21:$BM21,BT$1) -> 3
A22: 19 | B22: 20 | C22: T4 | D22: Nguyễn Phương Nam | E22: Agent | F22: E | G22: E | H22: E | I22: 0 | J22: D | K22: D | L22: D | M22: D | N22: D | O22: D | P22: D | Q22: 0 | R22: D | S22: D | T22: D | U22: D | V22: D | W22: D | X22: D | Y22: 0 | Z22: C | AA22: C | AB22: C | AC22: C | AD22: 0 | AE22: C | AF22: C | AG22: C | AH22: C | AI22: C | AJ22: C | AK22: C | AL22: 0 | AM22: B | AN22: B | AO22: B | AP22: B | AQ22: B | AR22: 0 | AS22: B | AT22: B | AU22: B | AV22: B | AW22: B | AX22: B | AY22: B | AZ22: 0 | BA22: A | BB22: A | BC22: A | BD22: A | BE22: A | BF22: 0 | BG22: A | BH22: A | BI22: A | BJ22: A | BK22: A | BL22: A | BN22: =SUM(BP22:BT22) -> 51 | BO22: =COUNTIF($F22:$BM22,"0") -> 8 | BP22: =COUNTIF($F22:$BM22,BP$1) -> 11 | BQ22: =COUNTIF($F22:$BM22,BQ$1) -> 12 | BR22: =COUNTIF($F22:$BM22,BR$1) -> 11 | BS22: =COUNTIF($F22:$BM22,BS$1) -> 14 | BT22: =COUNTIF($F22:$BM22,BT$1) -> 3
A23: 20 | B23: 22 | C23: T5 | D23: Nguyễn Đặng Ngọc Giàu | E23: Agent | F23: D | G23: D | H23: D | I23: D | J23: 0 | K23: D | L23: D | M23: D | N23: D | O23: D | P23: D | Q23: D | R23: 0 | S23: C | T23: C | U23: C | V23: C | W23: 0 | X23: C | Y23: C | Z23: C | AA23: C | AB23: C | AC23: C | AD23: C | AE23: 0 | AF23: B | AG23: B | AH23: B | AI23: B | AJ23: B | AK23: 0 | AL23: B | AM23: B | AN23: B | AO23: B | AP23: B | AQ23: B | AR23: B | AS23: 0 | AT23: A | AU23: A | AV23: A | AW23: A | AX23: A | AY23: 0 | AZ23: A | BA23: A | BB23: A | BC23: A | BD23: A | BE23: A | BF23: A | BG23: 0 | BH23: A | BI23: A | BJ23: A | BK23: A | BL23: A | BN23: =SUM(BP23:BT23) -> 51 | BO23: =COUNTIF($F23:$BM23,"0") -> 8 | BP23: =COUNTIF($F23:$BM23,BP$1) -> 17 | BQ23: =COUNTIF($F23:$BM23,BQ$1) -> 12 | BR23: =COUNTIF($F23:$BM23,BR$1) -> 11 | BS23: =COUNTIF($F23:$BM23,BS$1) -> 11 | BT23: =COUNTIF($F23:$BM23,BT$1) -> 0
A24: 21 | B24: 23 | C24: T5 | D24: Phạm Sỹ Thái | E24: Agent | F24: D | G24: D | H24: D | I24: D | J24: 0 | K24: D | L24: D | M24: D | N24: D | O24: D | P24: D | Q24: D | R24: 0 | S24: C | T24: C | U24: C | V24: C | W24: 0 | X24: C | Y24: C | Z24: C | AA24: C | AB24: C | AC24: C | AD24: C | AE24: 0 | AF24: B | AG24: B | AH24: B | AI24: B | AJ24: B | AK24: 0 | AL24: B | AM24: B | AN24: B | AO24: B | AP24: B | AQ24: B | AR24: B | AS24: 0 | AT24: A | AU24: A | AV24: A | AW24: A | AX24: A | AY24: 0 | AZ24: A | BA24: A | BB24: A | BC24: A | BD24: A | BE24: A | BF24: A | BG24: 0 | BH24: A | BI24: A | BJ24: A | BK24: A | BL24: A | BN24: =SUM(BP24:BT24) -> 51 | BO24: =COUNTIF($F24:$BM24,"0") -> 8 | BP24: =COUNTIF($F24:$BM24,BP$1) -> 17 | BQ24: =COUNTIF($F24:$BM24,BQ$1) -> 12 | BR24: =COUNTIF($F24:$BM24,BR$1) -> 11 | BS24: =COUNTIF($F24:$BM24,BS$1) -> 11 | BT24: =COUNTIF($F24:$BM24,BT$1) -> 0
A25: 22 | B25: 24 | C25: T5 | D25: Trương Tấn Thành Trung Hiếu | E25: Agent | F25: D | G25: D | H25: D | I25: D | J25: 0 | K25: D | L25: D | M25: D | N25: D | O25: D | P25: D | Q25: D | R25: 0 | S25: C | T25: C | U25: C | V25: C | W25: 0 | X25: C | Y25: C | Z25: C | AA25: C | AB25: C | AC25: C | AD25: C | AE25: 0 | AF25: B | AG25: B | AH25: B | AI25: B | AJ25: B | AK25: 0 | AL25: B | AM25: B | AN25: B | AO25: B | AP25: B | AQ25: B | AR25: B | AS25: 0 | AT25: A | AU25: A | AV25: A | AW25: A | AX25: A | AY25: 0 | AZ25: A | BA25: A | BB25: A | BC25: A | BD25: A | BE25: A | BF25: A | BG25: 0 | BH25: A | BI25: A | BJ25: A | BK25: A | BL25: A | BN25: =SUM(BP25:BT25) -> 51 | BO25: =COUNTIF($F25:$BM25,"0") -> 8 | BP25: =COUNTIF($F25:$BM25,BP$1) -> 17 | BQ25: =COUNTIF($F25:$BM25,BQ$1) -> 12 | BR25: =COUNTIF($F25:$BM25,BR$1) -> 11 | BS25: =COUNTIF($F25:$BM25,BS$1) -> 11 | BT25: =COUNTIF($F25:$BM25,BT$1) -> 0
A26: 23 | B26: 25 | C26: T5 | D26: Lê Huỳnh Minh Anh | E26: Agent | F26: D | G26: D | H26: D | I26: D | J26: 0 | K26: D | L26: D | M26: D | N26: D | O26: D | Q26: 0 | R26: H | S26: H | T26: H | U26: H | V26: H | W26: 0 | X26: C | Y26: C | Z26: C | AA26: C | AB26: C | AC26: C | AD26: C | AE26: 0 | AF26: B | AG26: B | AH26: B | AI26: B | AJ26: B | AK26: B | AL26: 0 | AM26: B | AN26: B | AO26: B | AP26: B | AQ26: B | AR26: B | AS26: 0 | AT26: A | AU26: A | AV26: A | AW26: A | AX26: A | AY26: 0 | AZ26: A | BA26: A | BB26: A | BC26: A | BD26: A | BE26: A | BF26: A | BG26: 0 | BH26: A | BI26: A | BJ26: A | BK26: A | BL26: A | BN26: =SUM(BP26:BT26) -> 45 | BO26: =COUNTIF($F26:$BM26,"0") -> 8 | BP26: =COUNTIF($F26:$BM26,BP$1) -> 17 | BQ26: =COUNTIF($F26:$BM26,BQ$1) -> 12 | BR26: =COUNTIF($F26:$BM26,BR$1) -> 7 | BS26: =COUNTIF($F26:$BM26,BS$1) -> 9 | BT26: =COUNTIF($F26:$BM26,BT$1) -> 0
A27: 24 | B27: 27 | C27: T6 | D27: Hồ Trọng Thiện | E27: Agent | F27: D | G27: D | H27: D | I27: D | J27: D | K27: 0 | L27: C | M27: C | N27: C | O27: C | P27: 0 | Q27: C | R27: C | S27: C | T27: C | U27: C | V27: C | W27: C | X27: 0 | Y27: B | Z27: B | AA27: B | AB27: B | AC27: B | AD27: 0 | AE27: B | AF27: B | AG27: B | AH27: B | AI27: B | AJ27: B | AK27: B | AL27: 0 | AM27: A | AN27: A | AO27: A | AP27: A | AQ27: A | AR27: 0 | AS27: A | AT27: A | AU27: A | AV27: A | AW27: A | AX27: A | AY27: A | AZ27: 0 | BA27: A | BB27: A | BC27: A | BD27: A | BE27: A | BF27: 0 | BG27: E | BH27: E | BI27: E | BJ27: E | BK27: E | BL27: E | BN27: =SUM(BP27:BT27) -> 51 | BO27: =COUNTIF($F27:$BM27,"0") -> 8 | BP27: =COUNTIF($F27:$BM27,BP$1) -> 17 | BQ27: =COUNTIF($F27:$BM27,BQ$1) -> 12 | BR27: =COUNTIF($F27:$BM27,BR$1) -> 11 | BS27: =COUNTIF($F27:$BM27,BS$1) -> 5 | BT27: =COUNTIF($F27:$BM27,BT$1) -> 6
A28: 25 | B28: 28 | C28: T6 | D28: Lê Công Triết | E28: Agent | F28: D | G28: D | H28: D | I28: D | J28: D | K28: 0 | L28: C | M28: C | N28: C | O28: C | P28: C | Q28: 0 | R28: H | S28: H | T28: H | U28: H | V28: H | W28: 0 | X28: B | Y28: B | Z28: B | AA28: B | AB28: B | AC28: B | AD28: 0 | AE28: B | AF28: B | AG28: B | AH28: B | AI28: B | AJ28: B | AK28: B | AL28: 0 | AM28: A | AN28: A | AO28: A | AP28: A | AQ28: A | AR28: 0 | AS28: A | AT28: A | AU28: A | AV28: A | AW28: A | AX28: A | AY28: A | AZ28: 0 | BA28: A | BB28: A | BC28: A | BD28: A | BE28: A | BF28: 0 | BG28: E | BH28: E | BI28: E | BJ28: E | BK28: E | BL28: E | BN28: =SUM(BP28:BT28) -> 46 | BO28: =COUNTIF($F28:$BM28,"0") -> 8 | BP28: =COUNTIF($F28:$BM28,BP$1) -> 17 | BQ28: =COUNTIF($F28:$BM28,BQ$1) -> 13 | BR28: =COUNTIF($F28:$BM28,BR$1) -> 5 | BS28: =COUNTIF($F28:$BM28,BS$1) -> 5 | BT28: =COUNTIF($F28:$BM28,BT$1) -> 6
A29: 26 | B29: 29 | C29: T6 | D29: Nguyễn Đình Nam | E29: Agent | F29: D | G29: D | H29: D | I29: D | J29: D | K29: 0 | L29: C | M29: C | N29: C | O29: C | P29: C | Q29: 0 | R29: H | S29: H | T29: H | U29: H | V29: H | W29: 0 | X29: B | Y29: B | Z29: B | AA29: B | AB29: B | AC29: B | AD29: 0 | AE29: B | AF29: B | AG29: B | AH29: B | AI29: B | AJ29: B | AK29: B | AL29: 0 | AM29: A | AN29: A | AO29: A | AP29: A | AQ29: A | AR29: 0 | AS29: A | AT29: A | AU29: A | AV29: A | AW29: A | AX29: A | AY29: A | AZ29: 0 | BA29: A | BB29: A | BC29: A | BD29: A | BE29: A | BF29: 0 | BG29: E | BH29: E | BI29: E | BJ29: E | BK29: E | BL29: E | BN29: =SUM(BP29:BT29) -> 46 | BO29: =COUNTIF($F29:$BM29,"0") -> 8 | BP29: =COUNTIF($F29:$BM29,BP$1) -> 17 | BQ29: =COUNTIF($F29:$BM29,BQ$1) -> 13 | BR29: =COUNTIF($F29:$BM29,BR$1) -> 5 | BS29: =COUNTIF($F29:$BM29,BS$1) -> 5 | BT29: =COUNTIF($F29:$BM29,BT$1) -> 6
A30: 27 | B30: 30 | C30: T6 | D30: Bùi Lập Duy | E30: Agent | F30: D | G30: D | H30: D | I30: D | J30: D | K30: 0 | L30: C | M30: C | N30: C | O30: C | P30: 0 | Q30: C | R30: C | S30: C | T30: C | U30: C | V30: C | W30: C | X30: 0 | Y30: B | Z30: B | AA30: B | AB30: B | AC30: B | AD30: 0 | AE30: B | AF30: B | AG30: B | AH30: B | AI30: B | AJ30: B | AK30: B | AL30: 0 | AM30: A | AN30: A | AO30: A | AP30: A | AQ30: A | AR30: 0 | AS30: A | AT30: A | AU30: A | AV30: A | AW30: A | AX30: A | AY30: A | AZ30: 0 | BA30: A | BB30: A | BC30: A | BD30: A | BE30: A | BF30: 0 | BG30: E | BH30: E | BI30: E | BJ30: E | BK30: E | BL30: E | BN30: =SUM(BP30:BT30) -> 51 | BO30: =COUNTIF($F30:$BM30,"0") -> 8 | BP30: =COUNTIF($F30:$BM30,BP$1) -> 17 | BQ30: =COUNTIF($F30:$BM30,BQ$1) -> 12 | BR30: =COUNTIF($F30:$BM30,BR$1) -> 11 | BS30: =COUNTIF($F30:$BM30,BS$1) -> 5 | BT30: =COUNTIF($F30:$BM30,BT$1) -> 6
A31: 28 | B31: 31 | C31: T7 | D31: Phạm Đỗ Duy Quang | E31: Agent | F31: C | G31: C | H31: C | I31: 0 | J31: C | K31: C | L31: C | M31: C | N31: C | O31: C | P31: C | Q31: 0 | R31: B | S31: B | T31: B | U31: B | V31: B | W31: B | X31: B | Y31: 0 | Z31: B | AA31: B | AB31: B | AC31: B | AD31: B | AE31: 0 | AF31: A | AG31: A | AH31: A | AI31: A | AJ31: A | AK31: 0 | AL31: A | AM31: A | AN31: A | AO31: A | AP31: A | AQ31: A | AR31: A | AS31: 0 | AT31: A | AU31: A | AV31: A | AW31: A | AX31: A | AY31: 0 | AZ31: E | BA31: E | BB31: E | BC31: E | BD31: E | BE31: E | BF31: E | BG31: 0 | BH31: E | BI31: E | BJ31: E | BK31: E | BL31: E | BN31: =SUM(BP31:BT31) -> 51 | BO31: =COUNTIF($F31:$BM31,"0") -> 8 | BP31: =COUNTIF($F31:$BM31,BP$1) -> 17 | BQ31: =COUNTIF($F31:$BM31,BQ$1) -> 12 | BR31: =COUNTIF($F31:$BM31,BR$1) -> 10 | BS31: =COUNTIF($F31:$BM31,BS$1) -> 0 | BT31: =COUNTIF($F31:$BM31,BT$1) -> 12
A32: 29 | B32: 32 | C32: T7 | D32: Trần Gia Huy | E32: Agent | F32: C | G32: C | H32: C | I32: 0 | J32: C | K32: C | L32: C | M32: C | N32: C | O32: C | P32: C | Q32: 0 | R32: B | S32: B | T32: B | U32: B | V32: B | W32: B | X32: B | Y32: 0 | Z32: B | AA32: B | AB32: B | AC32: B | AD32: B | AE32: 0 | AF32: A | AG32: A | AH32: A | AI32: A | AJ32: A | AK32: 0 | AL32: A | AM32: A | AN32: A | AO32: A | AP32: A | AQ32: A | AR32: A | AS32: 0 | AT32: A | AU32: A | AV32: A | AW32: A | AX32: A | AY32: 0 | AZ32: E | BA32: E | BB32: E | BC32: E | BD32: E | BE32: E | BF32: E | BG32: 0 | BH32: E | BI32: E | BJ32: E | BK32: E | BL32: E | BN32: =SUM(BP32:BT32) -> 51 | BO32: =COUNTIF($F32:$BM32,"0") -> 8 | BP32: =COUNTIF($F32:$BM32,BP$1) -> 17 | BQ32: =COUNTIF($F32:$BM32,BQ$1) -> 12 | BR32: =COUNTIF($F32:$BM32,BR$1) -> 10 | BS32: =COUNTIF($F32:$BM32,BS$1) -> 0 | BT32: =COUNTIF($F32:$BM32,BT$1) -> 12
A33: 30 | B33: 33 | C33: T7 | D33: Phạm Thị Hiền | E33: Agent | F33: C | G33: C | H33: C | I33: 0 | J33: C | K33: C | L33: C | M33: C | N33: C | O33: C | P33: C | Q33: 0 | R33: B | S33: B | T33: B | U33: B | V33: B | W33: B | X33: B | Y33: 0 | Z33: B | AA33: B | AB33: B | AC33: B | AD33: B | AE33: 0 | AF33: A | AG33: A | AH33: A | AI33: A | AJ33: A | AK33: A | AL33: 0 | AM33: A | AN33: A | AO33: A | AP33: A | AQ33: A | AR33: A | AS33: 0 | AT33: A | AU33: A | AV33: A | AW33: A | AX33: A | AY33: 0 | AZ33: E | BA33: E | BB33: E | BC33: E | BD33: E | BE33: E | BF33: E | BG33: 0 | BH33: E | BI33: E | BJ33: E | BK33: E | BL33: E | BN33: =SUM(BP33:BT33) -> 51 | BO33: =COUNTIF($F33:$BM33,"0") -> 8 | BP33: =COUNTIF($F33:$BM33,BP$1) -> 17 | BQ33: =COUNTIF($F33:$BM33,BQ$1) -> 12 | BR33: =COUNTIF($F33:$BM33,BR$1) -> 10 | BS33: =COUNTIF($F33:$BM33,BS$1) -> 0 | BT33: =COUNTIF($F33:$BM33,BT$1) -> 12
A34: 31 | B34: 34 | C34: T7 | D34: Hoàng Lạp Kim | E34: Agent | F34: C | G34: C | H34: C | I34: 0 | J34: C | K34: C | L34: C | M34: C | N34: C | O34: C | Q34: 0 | R34: H | S34: H | T34: H | U34: H | V34: H | W34: 0 | X34: B | Y34: B | Z34: B | AA34: B | AB34: B | AC34: B | AD34: B | AE34: 0 | AF34: A | AG34: A | AH34: A | AI34: A | AJ34: A | AK34: 0 | AL34: A | AM34: A | AN34: A | AO34: A | AP34: A | AQ34: A | AR34: A | AS34: 0 | AT34: A | AU34: A | AV34: A | AW34: A | AX34: A | AY34: 0 | AZ34: E | BA34: E | BB34: E | BC34: E | BD34: E | BE34: E | BF34: E | BG34: 0 | BH34: E | BI34: E | BJ34: E | BK34: E | BL34: E | BN34: =SUM(BP34:BT34) -> 45 | BO34: =COUNTIF($F34:$BM34,"0") -> 8 | BP34: =COUNTIF($F34:$BM34,BP$1) -> 17 | BQ34: =COUNTIF($F34:$BM34,BQ$1) -> 7 | BR34: =COUNTIF($F34:$BM34,BR$1) -> 9 | BS34: =COUNTIF($F34:$BM34,BS$1) -> 0 | BT34: =COUNTIF($F34:$BM34,BT$1) -> 12
A35: 32 | B35: 35 | C35: T7 | D35: Nguyễn Thành Nam | E35: Agent | F35: C | G35: C | H35: C | I35: 0 | J35: C | K35: C | L35: C | M35: C | N35: C | O35: C | P35: C | Q35: 0 | R35: H | S35: H | T35: H | U35: H | V35: H | W35: 0 | X35: B | Y35: B | Z35: B | AA35: B | AB35: B | AC35: B | AD35: B | AE35: 0 | AF35: A | AG35: A | AH35: A | AI35: A | AJ35: A | AK35: 0 | AL35: A | AM35: A | AN35: A | AO35: A | AP35: A | AQ35: A | AR35: A | AS35: 0 | AT35: A | AU35: A | AV35: A | AW35: A | AX35: A | AY35: 0 | AZ35: E | BA35: E | BB35: E | BC35: E | BD35: E | BE35: E | BF35: E | BG35: 0 | BH35: E | BI35: E | BJ35: E | BK35: E | BL35: E | BN35: =SUM(BP35:BT35) -> 46 | BO35: =COUNTIF($F35:$BM35,"0") -> 8 | BP35: =COUNTIF($F35:$BM35,BP$1) -> 17 | BQ35: =COUNTIF($F35:$BM35,BQ$1) -> 7 | BR35: =COUNTIF($F35:$BM35,BR$1) -> 10 | BS35: =COUNTIF($F35:$BM35,BS$1) -> 0 | BT35: =COUNTIF($F35:$BM35,BT$1) -> 12
A36: 33 | B36: 36 | C36: T8 | D36: Phan Trung Phong | E36: Agent | F36: C | G36: C | H36: C | I36: C | J36: 0 | K36: B | L36: B | M36: B | N36: B | O36: B | P36: B | Q36: 0 | R36: H | S36: H | T36: H | U36: H | V36: H | W36: 0 | X36: A | Y36: A | Z36: A | AA36: A | AB36: A | AC36: A | AD36: 0 | AE36: A | AF36: A | AG36: A | AH36: A | AI36: A | AJ36: A | AK36: A | AL36: 0 | AM36: E | AN36: E | AO36: E | AP36: E | AQ36: E | AR36: 0 | AS36: E | AT36: E | AU36: E | AV36: E | AW36: E | AX36: E | AY36: E | AZ36: 0 | BA36: E | BB36: E | BC36: E | BD36: E | BE36: E | BF36: 0 | BG36: D | BH36: D | BI36: D | BJ36: D | BK36: D | BL36: D | BN36: =SUM(BP36:BT36) -> 46 | BO36: =COUNTIF($F36:$BM36,"0") -> 8 | BP36: =COUNTIF($F36:$BM36,BP$1) -> 13 | BQ36: =COUNTIF($F36:$BM36,BQ$1) -> 6 | BR36: =COUNTIF($F36:$BM36,BR$1) -> 4 | BS36: =COUNTIF($F36:$BM36,BS$1) -> 6 | BT36: =COUNTIF($F36:$BM36,BT$1) -> 17
A37: 34 | B37: 37 | C37: T8 | D37: Nguyễn Hoàng Thiên Ân | E37: Agent | F37: C | G37: C | H37: C | I37: C | J37: 0 | K37: B | L37: B | M37: B | N37: B | O37: B | P37: 0 | Q37: B | R37: B | S37: B | T37: B | U37: B | V37: B | W37: B | X37: 0 | Y37: A | Z37: A | AA37: A | AB37: A | AC37: A | AD37: 0 | AE37: A | AF37: A | AG37: A | AH37: A | AI37: A | AJ37: A | AK37: A | AL37: 0 | AM37: E | AN37: E | AO37: E | AP37: E | AQ37: E | AR37: 0 | AS37: E | AT37: E | AU37: E | AV37: E | AW37: E | AX37: E | AY37: E | AZ37: 0 | BA37: E | BB37: E | BC37: E | BD37: E | BE37: E | BF37: 0 | BG37: D | BH37: D | BI37: D | BJ37: D | BK37: D | BL37: D | BN37: =SUM(BP37:BT37) -> 51 | BO37: =COUNTIF($F37:$BM37,"0") -> 8 | BP37: =COUNTIF($F37:$BM37,BP$1) -> 12 | BQ37: =COUNTIF($F37:$BM37,BQ$1) -> 12 | BR37: =COUNTIF($F37:$BM37,BR$1) -> 4 | BS37: =COUNTIF($F37:$BM37,BS$1) -> 6 | BT37: =COUNTIF($F37:$BM37,BT$1) -> 17
A38: 35 | B38: 38 | C38: T8 | D38: Nguyễn Trung Kiên | E38: Agent | F38: C | G38: C | H38: C | I38: C | J38: 0 | K38: B | L38: B | M38: B | N38: B | O38: B | P38: 0 | Q38: B | R38: B | S38: B | T38: B | U38: B | V38: B | W38: 0 | X38: A | Y38: A | Z38: A | AA38: A | AB38: A | AC38: A | AD38: 0 | AE38: A | AF38: A | AG38: A | AH38: A | AI38: A | AJ38: A | AK38: A | AL38: 0 | AM38: E | AN38: E | AO38: E | AP38: E | AQ38: E | AR38: 0 | AS38: E | AT38: E | AU38: E | AV38: E | AW38: E | AX38: E | AY38: E | AZ38: 0 | BA38: E | BB38: E | BC38: E | BD38: E | BE38: E | BF38: 0 | BG38: D | BH38: D | BI38: D | BJ38: D | BK38: D | BL38: D | BN38: =SUM(BP38:BT38) -> 51 | BO38: =COUNTIF($F38:$BM38,"0") -> 8 | BP38: =COUNTIF($F38:$BM38,BP$1) -> 13 | BQ38: =COUNTIF($F38:$BM38,BQ$1) -> 11 | BR38: =COUNTIF($F38:$BM38,BR$1) -> 4 | BS38: =COUNTIF($F38:$BM38,BS$1) -> 6 | BT38: =COUNTIF($F38:$BM38,BT$1) -> 17
A39: 36 | B39: 39 | C39: T8 | D39: Trần Trọng Tuấn | E39: Agent | F39: C | G39: C | H39: C | I39: C | J39: 0 | K39: B | L39: B | M39: B | N39: B | O39: B | P39: 0 | Q39: B | R39: B | S39: H | T39: H | U39: B | V39: B | W39: B | X39: 0 | Y39: A | Z39: A | AA39: A | AB39: A | AC39: A | AD39: 0 | AE39: A | AF39: A | AG39: A | AH39: A | AI39: A | AJ39: A | AK39: A | AL39: 0 | AM39: E | AN39: E | AO39: E | AP39: E | AQ39: E | AR39: 0 | AS39: E | AT39: E | AU39: E | AV39: E | AW39: E | AX39: E | AY39: E | AZ39: 0 | BA39: E | BB39: E | BC39: E | BD39: E | BE39: E | BF39: 0 | BG39: E | BH39: E | BI39: E | BJ39: E | BK39: E | BL39: E | BN39: =SUM(BP39:BT39) -> 49 | BO39: =COUNTIF($F39:$BM39,"0") -> 8 | BP39: =COUNTIF($F39:$BM39,BP$1) -> 12 | BQ39: =COUNTIF($F39:$BM39,BQ$1) -> 10 | BR39: =COUNTIF($F39:$BM39,BR$1) -> 4 | BS39: =COUNTIF($F39:$BM39,BS$1) -> 0 | BT39: =COUNTIF($F39:$BM39,BT$1) -> 23
A40: 37 | B40: 40 | C40: T8 | D40: Phan Thị Trúc Linh | E40: Agent | F40: C | G40: C | H40: C | I40: C | J40: 0 | K40: B | L40: B | M40: B | N40: B | O40: B | P40: 0 | Q40: B | R40: B | S40: B | T40: B | U40: B | V40: B | W40: 0 | X40: A | Y40: A | Z40: A | AA40: A | AB40: A | AC40: A | AD40: A | AE40: 0 | AF40: A | AG40: A | AH40: A | AI40: A | AJ40: A | AK40: A | AL40: 0 | AM40: E | AN40: E | AO40: E | AP40: E | AQ40: E | AR40: 0 | AS40: E | AT40: E | AU40: E | AV40: E | AW40: E | AX40: E | AY40: E | AZ40: 0 | BA40: E | BB40: E | BC40: E | BD40: E | BE40: E | BF40: 0 | BG40: D | BH40: D | BI40: D | BJ40: D | BK40: D | BL40: D | BN40: =SUM(BP40:BT40) -> 51 | BO40: =COUNTIF($F40:$BM40,"0") -> 8 | BP40: =COUNTIF($F40:$BM40,BP$1) -> 13 | BQ40: =COUNTIF($F40:$BM40,BQ$1) -> 11 | BR40: =COUNTIF($F40:$BM40,BR$1) -> 4 | BS40: =COUNTIF($F40:$BM40,BS$1) -> 6 | BT40: =COUNTIF($F40:$BM40,BT$1) -> 17
A41: 38 | B41: 42 | C41: T9 | D41: Nguyễn Thị Kim Chi | E41: Agent | F41: B | G41: B | H41: B | I41: 0 | J41: B | K41: B | L41: B | M41: B | N41: B | O41: B | P41: B | Q41: 0 | R41: B | S41: B | T41: B | U41: B | V41: B | W41: 0 | X41: A | Y41: A | Z41: A | AA41: A | AB41: A | AC41: A | AD41: A | AE41: 0 | AF41: E | AG41: E | AH41: E | AI41: E | AJ41: E | AK41: E | AL41: 0 | AM41: E | AN41: E | AO41: E | AP41: E | AQ41: E | AR41: E | AS41: 0 | AT41: E | AU41: E | AV41: E | AW41: E | AX41: E | AY41: 0 | AZ41: D | BA41: D | BB41: D | BC41: D | BD41: D | BE41: D | BF41: D | BG41: 0 | BH41: D | BI41: D | BJ41: D | BK41: D | BL41: D | BN41: =SUM(BP41:BT41) -> 51 | BO41: =COUNTIF($F41:$BM41,"0") -> 8 | BP41: =COUNTIF($F41:$BM41,BP$1) -> 7 | BQ41: =COUNTIF($F41:$BM41,BQ$1) -> 15 | BR41: =COUNTIF($F41:$BM41,BR$1) -> 0 | BS41: =COUNTIF($F41:$BM41,BS$1) -> 12 | BT41: =COUNTIF($F41:$BM41,BT$1) -> 17
A42: 39 | B42: 43 | C42: T9 | D42: Nguyễn Trần Khai Nguyên | E42: Agent | F42: B | G42: B | H42: B | I42: 0 | J42: B | K42: B | L42: B | M42: B | N42: B | O42: B | P42: B | Q42: 0 | R42: B | S42: B | T42: B | U42: B | V42: B | W42: 0 | X42: A | Y42: A | Z42: A | AA42: A | AB42: A | AC42: A | AD42: A | AE42: 0 | AF42: E | AG42: E | AH42: E | AI42: E | AJ42: E | AK42: 0 | AL42: E | AM42: E | AN42: E | AO42: E | AP42: E | AQ42: E | AR42: E | AS42: 0 | AT42: E | AU42: E | AV42: E | AW42: E | AX42: E | AY42: 0 | AZ42: D | BA42: D | BB42: D | BC42: D | BD42: D | BE42: D | BF42: D | BG42: 0 | BH42: D | BI42: D | BJ42: D | BK42: D | BL42: D | BN42: =SUM(BP42:BT42) -> 51 | BO42: =COUNTIF($F42:$BM42,"0") -> 8 | BP42: =COUNTIF($F42:$BM42,BP$1) -> 7 | BQ42: =COUNTIF($F42:$BM42,BQ$1) -> 15 | BR42: =COUNTIF($F42:$BM42,BR$1) -> 0 | BS42: =COUNTIF($F42:$BM42,BS$1) -> 12 | BT42: =COUNTIF($F42:$BM42,BT$1) -> 17
A43: 40 | B43: 44 | C43: T9 | D43: Nguyễn Ngọc Thương Thảo | E43: Agent | F43: E | G43: E | H43: E | I43: E | J43: 0 | K43: E | L43: E | M43: E | N43: E | O43: E | P43: 0 | Q43: E | R43: E | S43: E | T43: E | U43: E | V43: E | W43: E | X43: 0 | Y43: E | Z43: E | AA43: E | AB43: E | AC43: E | AD43: E | AE43: 0 | AF43: E | AG43: E | AH43: E | AI43: E | AJ43: E | AK43: E | AL43: 0 | AM43: E | AN43: E | AO43: E | AP43: E | AQ43: E | AR43: E | AS43: 0 | AT43: E | AU43: E | AV43: E | AW43: E | AX43: E | AY43: 0 | AZ43: E | BA43: E | BB43: E | BC43: E | BD43: E | BE43: E | BF43: 0 | BG43: E | BH43: E | BI43: E | BJ43: E | BK43: E | BL43: E | BN43: =SUM(BP43:BT43) -> 51 | BO43: =COUNTIF($F43:$BM43,"0") -> 8 | BP43: =COUNTIF($F43:$BM43,BP$1) -> 0 | BQ43: =COUNTIF($F43:$BM43,BQ$1) -> 0 | BR43: =COUNTIF($F43:$BM43,BR$1) -> 0 | BS43: =COUNTIF($F43:$BM43,BS$1) -> 0 | BT43: =COUNTIF($F43:$BM43,BT$1) -> 51
A44: 41 | B44: 45 | C44: T9 | D44: Nguyễn Thị Phương Anh | E44: Agent | F44: B | G44: B | H44: B | I44: 0 | J44: B | K44: B | L44: B | M44: B | N44: B | O44: B | Q44: 0 | R44: H | S44: B | T44: B | U44: B | V44: B | W44: 0 | X44: A | Y44: A | Z44: A | AA44: A | AB44: A | AC44: A | AD44: A | AE44: 0 | AF44: E | AG44: E | AH44: E | AI44: E | AJ44: E | AK44: E | AL44: 0 | AM44: E | AN44: E | AO44: E | AP44: E | AQ44: E | AR44: E | AS44: 0 | AT44: E | AU44: E | AV44: E | AW44: E | AX44: E | AY44: 0 | AZ44: D | BA44: D | BB44: D | BC44: D | BD44: D | BE44: D | BF44: D | BG44: 0 | BH44: E | BI44: E | BJ44: E | BK44: E | BL44: E | BN44: =SUM(BP44:BT44) -> 49 | BO44: =COUNTIF($F44:$BM44,"0") -> 8 | BP44: =COUNTIF($F44:$BM44,BP$1) -> 7 | BQ44: =COUNTIF($F44:$BM44,BQ$1) -> 13 | BR44: =COUNTIF($F44:$BM44,BR$1) -> 0 | BS44: =COUNTIF($F44:$BM44,BS$1) -> 7 | BT44: =COUNTIF($F44:$BM44,BT$1) -> 22
A45: 43 | B45: 47 | C45: T10 | D45: Nguyễn Hoàng Phú | E45: Agent | F45: B | G45: B | H45: B | I45: B | J45: 0 | K45: A | L45: A | M45: A | N45: A | O45: A | P45: 0 | Q45: A | R45: A | S45: A | T45: A | U45: A | V45: A | W45: 0 | X45: E | Y45: E | Z45: E | AA45: E | AB45: E | AC45: E | AD45: 0 | AE45: E | AF45: E | AG45: E | AH45: E | AI45: E | AJ45: E | AK45: 0 | AL45: E | AM45: E | AN45: E | AO45: E | AP45: E | AQ45: E | AR45: 0 | AS45: D | AT45: D | AU45: D | AV45: D | AW45: D | AX45: D | AY45: D | AZ45: 0 | BA45: D | BB45: D | BC45: D | BD45: D | BE45: D | BF45: D | BG45: D | BH45: 0 | BI45: C | BJ45: C | BK45: C | BL45: C | BN45: =SUM(BP45:BT45) -> 51 | BO45: =COUNTIF($F45:$BM45,"0") -> 8 | BP45: =COUNTIF($F45:$BM45,BP$1) -> 11 | BQ45: =COUNTIF($F45:$BM45,BQ$1) -> 4 | BR45: =COUNTIF($F45:$BM45,BR$1) -> 4 | BS45: =COUNTIF($F45:$BM45,BS$1) -> 14 | BT45: =COUNTIF($F45:$BM45,BT$1) -> 18
A46: 45 | B46: 49 | C46: T10 | D46: Nguyễn Thanh Phong | E46: Agent | F46: B | G46: B | H46: B | I46: B | J46: 0 | K46: A | L46: A | M46: A | N46: A | O46: A | P46: 0 | Q46: A | R46: A | S46: A | T46: A | U46: A | V46: A | W46: A | X46: 0 | Y46: E | Z46: E | AA46: E | AB46: E | AC46: E | AD46: E | AE46: E | AF46: 0 | AG46: E | AH46: E | AI46: E | AJ46: E | AK46: E | AL46: 0 | AM46: E | AN46: E | AO46: E | AP46: E | AQ46: E | AR46: 0 | AS46: D | AT46: D | AU46: D | AV46: D | AW46: D | AX46: D | AY46: D | AZ46: 0 | BA46: D | BB46: D | BC46: D | BD46: D | BE46: D | BF46: D | BG46: D | BH46: 0 | BI46: C | BJ46: C | BK46: C | BL46: C | BN46: =SUM(BP46:BT46) -> 51 | BO46: =COUNTIF($F46:$BM46,"0") -> 8 | BP46: =COUNTIF($F46:$BM46,BP$1) -> 12 | BQ46: =COUNTIF($F46:$BM46,BQ$1) -> 4 | BR46: =COUNTIF($F46:$BM46,BR$1) -> 4 | BS46: =COUNTIF($F46:$BM46,BS$1) -> 14 | BT46: =COUNTIF($F46:$BM46,BT$1) -> 17
A47: 46 | B47: 50 | C47: T10 | D47: Ngô Diễm Thùy | E47: Agent | F47: B | G47: B | H47: B | I47: B | J47: 0 | K47: A | L47: A | M47: A | N47: A | O47: A | P47: 0 | Q47: A | R47: A | S47: A | T47: A | U47: A | V47: A | W47: A | X47: 0 | Y47: E | Z47: E | AA47: E | AB47: E | AC47: E | AD47: 0 | AE47: E | AF47: E | AG47: E | AH47: E | AI47: E | AJ47: E | AK47: E | AL47: 0 | AM47: E | AN47: E | AO47: E | AP47: E | AQ47: E | AR47: 0 | AS47: D | AT47: D | AU47: D | AV47: D | AW47: D | AX47: D | AY47: D | AZ47: 0 | BA47: D | BB47: D | BC47: D | BD47: D | BE47: D | BF47: D | BG47: D | BH47: 0 | BI47: C | BJ47: C | BK47: C | BL47: C | BN47: =SUM(BP47:BT47) -> 51 | BO47: =COUNTIF($F47:$BM47,"0") -> 8 | BP47: =COUNTIF($F47:$BM47,BP$1) -> 12 | BQ47: =COUNTIF($F47:$BM47,BQ$1) -> 4 | BR47: =COUNTIF($F47:$BM47,BR$1) -> 4 | BS47: =COUNTIF($F47:$BM47,BS$1) -> 14 | BT47: =COUNTIF($F47:$BM47,BT$1) -> 17
A48: 47 | B48: 51 | C48: T11 | D48: Nguyễn Bảo Thái Tú | E48: Agent | F48: A | G48: A | H48: A | I48: 0 | J48: A | K48: A | L48: A | M48: A | N48: A | O48: A | P48: A | Q48: 0 | R48: D | S48: D | T48: D | U48: D | V48: D | W48: D | X48: 0 | Y48: D | Z48: D | AA48: D | AB48: D | AC48: D | AD48: 0 | AE48: D | AF48: D | AG48: D | AH48: D | AI48: D | AJ48: D | AK48: 0 | AL48: D | AM48: D | AN48: D | AO48: D | AP48: D | AQ48: D | AR48: D | AS48: 0 | AT48: D | AU48: D | AV48: D | AW48: D | AX48: D | AY48: D | AZ48: D | BA48: 0 | BB48: C | BC48: C | BD48: C | BE48: C | BF48: 0 | BG48: C | BH48: C | BI48: C | BJ48: C | BK48: C | BL48: C | BN48: =SUM(BP48:BT48) -> 51 | BO48: =COUNTIF($F48:$BM48,"0") -> 8 | BP48: =COUNTIF($F48:$BM48,BP$1) -> 10 | BQ48: =COUNTIF($F48:$BM48,BQ$1) -> 0 | BR48: =COUNTIF($F48:$BM48,BR$1) -> 10 | BS48: =COUNTIF($F48:$BM48,BS$1) -> 31 | BT48: =COUNTIF($F48:$BM48,BT$1) -> 0
A49: 48 | B49: 52 | C49: T11 | D49: Phạm Công Danh | E49: Agent | F49: A | G49: A | H49: A | I49: 0 | J49: A | K49: A | L49: A | M49: A | N49: A | Q49: 0 | R49: H | S49: H | T49: H | U49: H | V49: H | W49: 0 | X49: E | Y49: E | Z49: E | AA49: E | AB49: E | AC49: E | AD49: 0 | AE49: E | AF49: E | AG49: E | AH49: E | AI49: E | AJ49: E | AK49: 0 | AL49: D | AM49: D | AN49: D | AO49: D | AP49: D | AQ49: D | AR49: D | AS49: 0 | AT49: D | AU49: D | AV49: D | AW49: D | AX49: D | AY49: D | AZ49: D | BA49: 0 | BB49: C | BC49: C | BD49: C | BE49: C | BF49: 0 | BG49: C | BH49: C | BI49: C | BJ49: C | BK49: C | BL49: C | BN49: =SUM(BP49:BT49) -> 44 | BO49: =COUNTIF($F49:$BM49,"0") -> 8 | BP49: =COUNTIF($F49:$BM49,BP$1) -> 8 | BQ49: =COUNTIF($F49:$BM49,BQ$1) -> 0 | BR49: =COUNTIF($F49:$BM49,BR$1) -> 10 | BS49: =COUNTIF($F49:$BM49,BS$1) -> 14 | BT49: =COUNTIF($F49:$BM49,BT$1) -> 12
A50: 49 | B50: 54 | C50: T11 | D50: Trần Thanh Hà | E50: Agent | F50: A | G50: A | H50: A | I50: 0 | J50: A | K50: A | L50: A | M50: A | N50: A | O50: A | P50: A | Q50: 0 | R50: H | S50: H | T50: D | U50: D | V50: D | W50: D | X50: 0 | Y50: D | Z50: D | AA50: D | AB50: D | AC50: D | AD50: 0 | AE50: D | AF50: D | AG50: D | AH50: D | AI50: D | AJ50: D | AK50: 0 | AL50: D | AM50: D | AN50: D | AO50: D | AP50: D | AQ50: D | AR50: D | AS50: 0 | AT50: D | AU50: D | AV50: D | AW50: D | AX50: D | AY50: D | AZ50: D | BA50: 0 | BB50: C | BC50: C | BD50: C | BE50: C | BF50: 0 | BG50: C | BH50: C | BI50: C | BJ50: C | BK50: C | BL50: C | BN50: =SUM(BP50:BT50) -> 49 | BO50: =COUNTIF($F50:$BM50,"0") -> 8 | BP50: =COUNTIF($F50:$BM50,BP$1) -> 10 | BQ50: =COUNTIF($F50:$BM50,BQ$1) -> 0 | BR50: =COUNTIF($F50:$BM50,BR$1) -> 10 | BS50: =COUNTIF($F50:$BM50,BS$1) -> 29 | BT50: =COUNTIF($F50:$BM50,BT$1) -> 0
A51: 50 | B51: 55 | C51: T11 | D51: Võ Hoàng Gia Bảo | E51: Agent | F51: A | G51: A | H51: A | I51: 0 | J51: A | K51: A | L51: A | M51: A | N51: A | O51: A | P51: A | Q51: 0 | R51: H | S51: H | T51: H | U51: H | V51: E | W51: E | X51: 0 | Y51: E | Z51: E | AA51: E | AB51: E | AC51: E | AD51: E | AE51: 0 | AF51: E | AG51: E | AH51: E | AI51: E | AJ51: E | AK51: E | AL51: 0 | AM51: D | AN51: D | AO51: D | AP51: D | AQ51: D | AR51: D | AS51: 0 | AT51: D | AU51: D | AV51: D | AW51: D | AX51: D | AY51: D | AZ51: D | BA51: 0 | BB51: C | BC51: C | BD51: C | BE51: C | BF51: 0 | BG51: C | BH51: C | BI51: C | BJ51: C | BK51: C | BL51: C | BN51: =SUM(BP51:BT51) -> 47 | BO51: =COUNTIF($F51:$BM51,"0") -> 8 | BP51: =COUNTIF($F51:$BM51,BP$1) -> 10 | BQ51: =COUNTIF($F51:$BM51,BQ$1) -> 0 | BR51: =COUNTIF($F51:$BM51,BR$1) -> 10 | BS51: =COUNTIF($F51:$BM51,BS$1) -> 13 | BT51: =COUNTIF($F51:$BM51,BT$1) -> 14
A52: 42 | B52: 46 | C52: T10 | D52: Nguyễn Thành Nhân | E52: Agent | F52: B | G52: B | H52: B | I52: B | J52: 0 | K52: A | L52: A | M52: A | N52: A | O52: A | P52: 0 | Q52: A | R52: A | S52: A | T52: A | U52: A | V52: A | W52: 0 | X52: E | Y52: E | Z52: E | AA52: E | AB52: E | AC52: E | AD52: E | AE52: 0 | AF52: E | AG52: E | AH52: E | AI52: E | AJ52: E | AK52: 0 | AL52: E | AM52: E | AN52: E | AO52: E | AP52: E | AQ52: E | AR52: E | AS52: 0 | AT52: E | AU52: E | AV52: E | AW52: E | AX52: E | AY52: 0 | AZ52: E | BA52: E | BB52: E | BC52: E | BD52: E | BE52: E | BN52: =SUM(BP52:BT52) -> 45 | BO52: =COUNTIF($F52:$BM52,"0") -> 7 | BP52: =COUNTIF($F52:$BM52,BP$1) -> 11 | BQ52: =COUNTIF($F52:$BM52,BQ$1) -> 4 | BR52: =COUNTIF($F52:$BM52,BR$1) -> 0 | BS52: =COUNTIF($F52:$BM52,BS$1) -> 0 | BT52: =COUNTIF($F52:$BM52,BT$1) -> 30
A53: 44 | B53: 48 | C53: T10 | D53: Huỳnh Tấn Phát | E53: Agent | F53: B | G53: B | H53: B | I53: B | J53: 0 | K53: A | L53: A | M53: A | N53: A | O53: A | P53: A | Q53: 0 | R53: A | S53: A | T53: A | U53: A | V53: A | W53: 0 | X53: E | Y53: E | Z53: E | AA53: E | AB53: E | AC53: E | AD53: E | AE53: 0 | AF53: E | AG53: E | AH53: E | AI53: E | AJ53: E | AK53: 0 | AL53: E | AM53: E | AN53: E | AO53: E | AP53: E | AQ53: E | AR53: 0 | AS53: E | AT53: E | AU53: E | AV53: E | AW53: E | AX53: E | AY53: E | AZ53: 0 | BA53: E | BB53: E | BC53: E | BD53: E | BE53: E | BN53: =SUM(BP53:BT53) -> 45 | BO53: =COUNTIF($F53:$BM53,"0") -> 7 | BP53: =COUNTIF($F53:$BM53,BP$1) -> 11 | BQ53: =COUNTIF($F53:$BM53,BQ$1) -> 4 | BR53: =COUNTIF($F53:$BM53,BR$1) -> 0 | BS53: =COUNTIF($F53:$BM53,BS$1) -> 0 | BT53: =COUNTIF($F53:$BM53,BT$1) -> 30
BO54: =COUNTIF($F54:$BM54,"0") -> 0 | BP54: =COUNTIF($F54:$BM54,BP$1) -> 0 | BQ54: =COUNTIF($F54:$BM54,BQ$1) -> 0 | BR54: =COUNTIF($F54:$BM54,BR$1) -> 0 | BS54: =COUNTIF($F54:$BM54,BS$1) -> 0 | BT54: =COUNTIF($F54:$BM54,BT$1) -> 0
A55: 51 | B55: 12 | C55: T1 | D55: Lê Hoàng Anh Tú | E55: QA | F55: B | G55: B | H55: B | I55: B | J55: 0 | K55: A | L55: A | M55: A | N55: A | O55: A | P55: 0 | Q55: A | R55: A | S55: A | T55: A | U55: A | V55: A | X55: 0 | AD55: 0 | AE55: D | AF55: D | AG55: D | AH55: D | AI55: D | AJ55: D | AK55: 0 | AL55: D | AM55: D | AN55: D | AO55: D | AP55: D | AQ55: D | AR55: D | AS55: 0 | AT55: C | AU55: C | AV55: C | AW55: C | AX55: C | AY55: C | AZ55: C | BA55: 0 | BB55: C | BC55: C | BD55: C | BE55: C | BF55: 0 | BG55: C | BH55: C | BI55: C | BJ55: C | BK55: C | BL55: C | BN55: =SUM(BP55:BT55) -> 45 | BO55: =COUNTIF($F55:$BM55,"0") -> 8 | BP55: =COUNTIF($F55:$BM55,BP$1) -> 11 | BQ55: =COUNTIF($F55:$BM55,BQ$1) -> 4 | BR55: =COUNTIF($F55:$BM55,BR$1) -> 17 | BS55: =COUNTIF($F55:$BM55,BS$1) -> 13 | BT55: =COUNTIF($F55:$BM55,BT$1) -> 0
A56: 52 | B56: 13 | C56: T1 | D56: Hồ Thị Hải Yến | E56: QA | F56: E | G56: E | H56: E | I56: 0 | J56: E | K56: E | L56: E | M56: E | N56: E | O56: E | P56: 0 | Q56: E | R56: E | S56: H | T56: E | U56: E | V56: E | W56: 0 | X56: E | Y56: E | Z56: E | AA56: E | AB56: E | AC56: E | AD56: 0 | AE56: E | AF56: E | AG56: E | AH56: E | AI56: E | AJ56: E | AK56: E | AL56: 0 | AM56: E | AN56: E | AO56: E | AP56: E | AQ56: E | AR56: E | AS56: 0 | AT56: E | AU56: E | AV56: E | AW56: E | AX56: E | AY56: E | AZ56: 0 | BA56: E | BB56: E | BC56: E | BD56: E | BE56: E | BF56: 0 | BG56: E | BH56: E | BI56: E | BJ56: E | BK56: E | BL56: E | BN56: =SUM(BP56:BT56) -> 50 | BO56: =COUNTIF($F56:$BM56,"0") -> 8 | BP56: =COUNTIF($F56:$BM56,BP$1) -> 0 | BQ56: =COUNTIF($F56:$BM56,BQ$1) -> 0 | BR56: =COUNTIF($F56:$BM56,BR$1) -> 0 | BS56: =COUNTIF($F56:$BM56,BS$1) -> 0 | BT56: =COUNTIF($F56:$BM56,BT$1) -> 50
A57: 53 | B57: 14 | C57: T1 | D57: Nguyễn Phạm Thanh Bình | E57: QA | F57: B | G57: B | H57: B | I57: B | J57: 0 | K57: A | L57: A | M57: A | N57: A | O57: A | P57: 0 | Q57: A | R57: A | S57: A | T57: A | U57: A | V57: A | W57: A | X57: 0 | Y57: E | Z57: E | AA57: E | AB57: E | AC57: E | AD57: 0 | AE57: D | AF57: D | AG57: D | AH57: D | AI57: D | AJ57: D | AK57: D | AL57: 0 | AM57: D | AN57: D | AO57: D | AP57: D | AQ57: D | AR57: D | AS57: D | AT57: 0 | AU57: C | AV57: C | AW57: C | AX57: C | AY57: C | AZ57: C | BA57: 0 | BB57: C | BC57: C | BD57: C | BE57: C | BF57: 0 | BG57: C | BH57: C | BI57: C | BJ57: C | BK57: C | BL57: C | BN57: =SUM(BP57:BT57) -> 51 | BO57: =COUNTIF($F57:$BM57,"0") -> 8 | BP57: =COUNTIF($F57:$BM57,BP$1) -> 12 | BQ57: =COUNTIF($F57:$BM57,BQ$1) -> 4 | BR57: =COUNTIF($F57:$BM57,BR$1) -> 16 | BS57: =COUNTIF($F57:$BM57,BS$1) -> 14 | BT57: =COUNTIF($F57:$BM57,BT$1) -> 5
A58: 55 | B58: 1 | C58: T1 | D58: Thông Nhát | E58: Sr QA | F58: B | G58: B | H58: B | I58: B | J58: 0 | K58: A | L58: A | M58: A | N58: A | O58: A | P58: A | Q58: 0 | R58: H | S58: H | T58: A | U58: A | V58: A | W58: A | X58: 0 | Y58: E | Z58: E | AA58: E | AB58: E | AC58: E | AD58: E | AE58: 0 | AF58: D | AG58: D | AH58: D | AI58: D | AJ58: D | AK58: D | AL58: 0 | AM58: D | AN58: D | AO58: D | AP58: D | AQ58: D | AR58: D | AS58: 0 | AT58: C | AU58: C | AV58: C | AW58: C | AX58: C | AY58: C | AZ58: 0 | BA58: C | BB58: C | BC58: C | BD58: C | BE58: C | BF58: 0 | BG58: C | BH58: C | BI58: C | BJ58: C | BK58: C | BL58: C | BN58: =SUM(BP58:BT58) -> 49 | BO58: =COUNTIF($F58:$BM58,"0") -> 8 | BP58: =COUNTIF($F58:$BM58,BP$1) -> 10 | BQ58: =COUNTIF($F58:$BM58,BQ$1) -> 4 | BR58: =COUNTIF($F58:$BM58,BR$1) -> 17 | BS58: =COUNTIF($F58:$BM58,BS$1) -> 12 | BT58: =COUNTIF($F58:$BM58,BT$1) -> 6
A59: 56 | B59: 16 | C59: T2 | D59: Huỳnh Trần Uyển Nhi | E59: QA | F59: A | G59: A | H59: A | I59: 0 | J59: A | K59: A | L59: A | M59: A | N59: A | O59: A | P59: 0 | Q59: D | R59: D | S59: D | T59: D | U59: D | V59: D | W59: 0 | X59: D | Y59: D | Z59: D | AA59: D | AB59: D | AC59: D | AD59: D | AE59: 0 | AF59: D | AG59: D | AH59: D | AI59: D | AJ59: D | AK59: D | AL59: 0 | AM59: C | AN59: C | AO59: C | AP59: C | AQ59: C | AR59: C | AS59: C | AT59: 0 | AU59: C | AV59: C | AW59: C | AX59: C | AY59: 0 | AZ59: C | BA59: C | BB59: C | BC59: C | BD59: C | BE59: C | BF59: C | BG59: 0 | BH59: B | BI59: B | BJ59: B | BK59: B | BL59: B | BN59: =SUM(BP59:BT59) -> 51 | BO59: =COUNTIF($F59:$BM59,"0") -> 8 | BP59: =COUNTIF($F59:$BM59,BP$1) -> 9 | BQ59: =COUNTIF($F59:$BM59,BQ$1) -> 5 | BR59: =COUNTIF($F59:$BM59,BR$1) -> 18 | BS59: =COUNTIF($F59:$BM59,BS$1) -> 19 | BT59: =COUNTIF($F59:$BM59,BT$1) -> 0
A60: 57 | B60: 17 | C60: T2 | D60: Lương Thị Ngân | E60: QA | F60: A | G60: A | H60: A | I60: 0 | J60: A | K60: A | L60: A | M60: A | N60: A | O60: A | P60: A | Q60: 0 | R60: D | S60: D | T60: D | U60: D | V60: D | W60: D | X60: 0 | Y60: D | Z60: D | AA60: D | AB60: D | AC60: D | AD60: D | AE60: D | AF60: 0 | AG60: D | AH60: D | AI60: D | AJ60: D | AK60: D | AL60: D | AM60: 0 | AN60: C | AO60: C | AP60: C | AQ60: C | AR60: C | AS60: C | AT60: 0 | AU60: C | AV60: C | AW60: C | AX60: C | AY60: 0 | AZ60: C | BA60: C | BB60: C | BC60: C | BD60: C | BE60: C | BF60: C | BG60: 0 | BH60: B | BI60: B | BJ60: B | BK60: B | BL60: B | BN60: =SUM(BP60:BT60) -> 51 | BO60: =COUNTIF($F60:$BM60,"0") -> 8 | BP60: =COUNTIF($F60:$BM60,BP$1) -> 10 | BQ60: =COUNTIF($F60:$BM60,BQ$1) -> 5 | BR60: =COUNTIF($F60:$BM60,BR$1) -> 17 | BS60: =COUNTIF($F60:$BM60,BS$1) -> 19 | BT60: =COUNTIF($F60:$BM60,BT$1) -> 0
A61: 58 | B61: 18 | C61: T2 | D61: Nguyễn Đinh Lưu | E61: QA | F61: A | G61: A | H61: A | I61: 0 | J61: A | K61: A | L61: A | M61: A | N61: A | O61: A | P61: A | Q61: 0 | R61: H | S61: E | T61: E | U61: E | V61: E | W61: E | X61: 0 | Y61: D | Z61: D | AA61: D | AB61: D | AC61: D | AD61: D | AE61: D | AF61: 0 | AG61: D | AH61: D | AI61: D | AJ61: D | AK61: D | AL61: D | AM61: 0 | AN61: C | AO61: C | AP61: C | AQ61: C | AR61: C | AS61: C | AT61: 0 | AU61: C | AV61: C | AW61: C | AX61: C | AY61: 0 | AZ61: C | BA61: C | BB61: C | BC61: C | BD61: C | BE61: C | BF61: C | BG61: 0 | BH61: B | BI61: B | BJ61: B | BK61: B | BL61: B | BN61: =SUM(BP61:BT61) -> 50 | BO61: =COUNTIF($F61:$BM61,"0") -> 8 | BP61: =COUNTIF($F61:$BM61,BP$1) -> 10 | BQ61: =COUNTIF($F61:$BM61,BQ$1) -> 5 | BR61: =COUNTIF($F61:$BM61,BR$1) -> 17 | BS61: =COUNTIF($F61:$BM61,BS$1) -> 13 | BT61: =COUNTIF($F61:$BM61,BT$1) -> 5
A62: 59 | B62: 19 | C62: T2 | D62: Nguyễn Thị Ánh Mỹ | E62: QA | F62: A | G62: A | H62: A | I62: 0 | J62: A | K62: A | L62: A | M62: A | N62: A | Q62: 0 | R62: H | S62: H | T62: H | U62: H | V62: H | W62: 0 | X62: D | Y62: D | Z62: D | AA62: D | AB62: D | AC62: D | AD62: 0 | AE62: D | AF62: D | AG62: D | AH62: D | AI62: D | AJ62: D | AK62: D | AL62: 0 | AM62: C | AN62: C | AO62: C | AP62: C | AQ62: C | AR62: C | AS62: C | AT62: 0 | AU62: C | AV62: C | AW62: C | AX62: C | AY62: 0 | AZ62: C | BA62: C | BB62: C | BC62: C | BD62: C | BE62: C | BF62: C | BG62: 0 | BH62: B | BI62: B | BJ62: B | BK62: B | BL62: B | BN62: =SUM(BP62:BT62) -> 44 | BO62: =COUNTIF($F62:$BM62,"0") -> 8 | BP62: =COUNTIF($F62:$BM62,BP$1) -> 8 | BQ62: =COUNTIF($F62:$BM62,BQ$1) -> 5 | BR62: =COUNTIF($F62:$BM62,BR$1) -> 18 | BS62: =COUNTIF($F62:$BM62,BS$1) -> 13 | BT62: =COUNTIF($F62:$BM62,BT$1) -> 0
A63: 60 | B63: 20 | C63: T2 | D63: Nguyễn Hoàng Duy Khang | E63: QA | F63: A | G63: A | H63: A | I63: A | J63: 0 | K63: A | L63: A | M63: A | N63: A | O63: A | Q63: 0 | R63: H | S63: H | T63: H | U63: E | V63: E | W63: E | X63: 0 | Y63: D | Z63: D | AA63: D | AB63: D | AC63: D | AD63: 0 | AE63: D | AF63: D | AG63: D | AH63: D | AI63: D | AJ63: D | AK63: D | AL63: 0 | AM63: C | AN63: C | AO63: C | AP63: C | AQ63: C | AR63: C | AS63: C | AT63: 0 | AU63: C | AV63: C | AW63: C | AX63: C | AY63: 0 | AZ63: C | BA63: C | BB63: C | BC63: C | BD63: C | BE63: C | BF63: C | BG63: 0 | BH63: B | BI63: B | BJ63: B | BK63: B | BL63: B | BN63: =SUM(BP63:BT63) -> 47 | BO63: =COUNTIF($F63:$BM63,"0") -> 8 | BP63: =COUNTIF($F63:$BM63,BP$1) -> 9 | BQ63: =COUNTIF($F63:$BM63,BQ$1) -> 5 | BR63: =COUNTIF($F63:$BM63,BR$1) -> 18 | BS63: =COUNTIF($F63:$BM63,BS$1) -> 12 | BT63: =COUNTIF($F63:$BM63,BT$1) -> 3
A64: 61 | B64: 2 | C64: T2 | D64: Hồ Thị Tú Trinh | E64: Sr QA | F64: A | G64: A | H64: A | I64: 0 | J64: A | K64: A | L64: A | M64: A | N64: A | O64: A | P64: A | Q64: 0 | R64: H | S64: H | T64: H | U64: H | V64: H | W64: 0 | X64: D | Y64: D | Z64: D | AA64: D | AB64: D | AC64: D | AD64: 0 | AE64: D | AF64: D | AG64: D | AH64: D | AI64: D | AJ64: D | AK64: D | AL64: 0 | AM64: C | AN64: C | AO64: C | AP64: C | AQ64: C | AR64: C | AS64: 0 | AT64: C | AU64: C | AV64: C | AW64: C | AX64: C | AY64: 0 | AZ64: C | BA64: C | BB64: C | BC64: C | BD64: C | BE64: C | BF64: C | BG64: 0 | BH64: B | BI64: B | BJ64: B | BK64: B | BL64: B | BN64: =SUM(BP64:BT64) -> 46 | BO64: =COUNTIF($F64:$BM64,"0") -> 8 | BP64: =COUNTIF($F64:$BM64,BP$1) -> 10 | BQ64: =COUNTIF($F64:$BM64,BQ$1) -> 5 | BR64: =COUNTIF($F64:$BM64,BR$1) -> 18 | BS64: =COUNTIF($F64:$BM64,BS$1) -> 13 | BT64: =COUNTIF($F64:$BM64,BT$1) -> 0
A65: 62 | B65: 21 | C65: T3 | D65: Lê Thị Quỳnh Như | E65: QA | F65: A | G65: A | H65: A | I65: 0 | J65: E | K65: E | L65: E | M65: E | N65: E | O65: E | Q65: 0 | R65: H | S65: H | T65: D | U65: D | V65: D | W65: D | X65: D | Y65: 0 | Z65: D | AA65: D | AB65: D | AC65: D | AD65: D | AE65: D | AF65: 0 | AG65: C | AH65: C | AI65: C | AJ65: C | AK65: C | AL65: 0 | AM65: C | AN65: C | AO65: C | AP65: C | AQ65: C | AR65: 0 | AS65: C | AT65: C | AU65: C | AV65: C | AW65: C | AX65: C | AY65: C | AZ65: 0 | BA65: B | BB65: B | BC65: B | BD65: B | BE65: B | BF65: 0 | BG65: B | BH65: B | BI65: B | BJ65: B | BK65: B | BL65: B | BN65: =SUM(BP65:BT65) -> 48 | BO65: =COUNTIF($F65:$BM65,"0") -> 8 | BP65: =COUNTIF($F65:$BM65,BP$1) -> 3 | BQ65: =COUNTIF($F65:$BM65,BQ$1) -> 11 | BR65: =COUNTIF($F65:$BM65,BR$1) -> 17 | BS65: =COUNTIF($F65:$BM65,BS$1) -> 11 | BT65: =COUNTIF($F65:$BM65,BT$1) -> 6
A66: 63 | B66: 22 | C66: T3 | D66: Huỳnh Tuyết Ngân | E66: QA | F66: A | G66: A | H66: A | I66: A | J66: 0 | K66: E | L66: E | M66: E | N66: E | O66: E | P66: 0 | R66: H | S66: H | T66: H | U66: H | V66: H | W66: 0 | X66: D | Y66: D | Z66: D | AA66: D | AB66: D | AC66: D | AD66: D | AE66: 0 | AF66: C | AG66: C | AH66: C | AI66: C | AJ66: C | AK66: C | AL66: 0 | AM66: C | AN66: C | AO66: C | AP66: C | AQ66: C | AR66: 0 | AS66: C | AT66: C | AU66: C | AV66: C | AW66: C | AX66: C | AY66: C | AZ66: 0 | BA66: B | BB66: B | BC66: B | BD66: B | BE66: B | BF66: 0 | BG66: B | BH66: B | BI66: B | BJ66: B | BK66: B | BL66: B | BN66: =SUM(BP66:BT66) -> 45 | BO66: =COUNTIF($F66:$BM66,"0") -> 8 | BP66: =COUNTIF($F66:$BM66,BP$1) -> 4 | BQ66: =COUNTIF($F66:$BM66,BQ$1) -> 11 | BR66: =COUNTIF($F66:$BM66,BR$1) -> 18 | BS66: =COUNTIF($F66:$BM66,BS$1) -> 7 | BT66: =COUNTIF($F66:$BM66,BT$1) -> 5
A67: 64 | B67: 23 | C67: T3 | D67: Nguyễn Thị Hồng Quế | E67: QA | F67: A | G67: A | H67: A | I67: A | J67: 0 | K67: E | L67: E | M67: E | N67: E | Q67: 0 | R67: D | S67: D | T67: D | U67: D | V67: D | W67: D | X67: D | Y67: 0 | Z67: D | AA67: D | AB67: D | AC67: D | AD67: D | AE67: D | AF67: 0 | AG67: C | AH67: C | AI67: C | AJ67: C | AK67: C | AL67: 0 | AM67: C | AN67: C | AO67: C | AP67: C | AQ67: C | AR67: 0 | AS67: C | AT67: C | AU67: C | AV67: C | AW67: C | AX67: C | AY67: C | AZ67: 0 | BA67: B | BB67: B | BC67: B | BD67: B | BE67: B | BF67: 0 | BG67: B | BH67: B | BI67: B | BJ67: B | BK67: B | BL67: B | BN67: =SUM(BP67:BT67) -> 49 | BO67: =COUNTIF($F67:$BM67,"0") -> 8 | BP67: =COUNTIF($F67:$BM67,BP$1) -> 4 | BQ67: =COUNTIF($F67:$BM67,BQ$1) -> 11 | BR67: =COUNTIF($F67:$BM67,BR$1) -> 17 | BS67: =COUNTIF($F67:$BM67,BS$1) -> 13 | BT67: =COUNTIF($F67:$BM67,BT$1) -> 4
A68: 65 | B68: 24 | C68: T3 | D68: Nguyễn Thị Hòa | E68: QA | F68: A | G68: A | H68: A | I68: A | J68: 0 | K68: E | L68: E | M68: E | N68: E | O68: E | P68: E | Q68: 0 | R68: D | S68: H | T68: H | U68: H | V68: H | W68: 0 | X68: D | Y68: D | Z68: D | AA68: D | AB68: D | AC68: D | AD68: D | AE68: 0 | AF68: C | AG68: C | AH68: C | AI68: C | AJ68: C | AK68: C | AL68: 0 | AM68: C | AN68: C | AO68: C | AP68: C | AQ68: C | AR68: 0 | AS68: C | AT68: C | AU68: C | AV68: C | AW68: C | AX68: C | AY68: C | AZ68: 0 | BA68: B | BB68: B | BC68: B | BD68: B | BE68: B | BF68: 0 | BG68: B | BH68: B | BI68: B | BJ68: B | BK68: B | BL68: B | BN68: =SUM(BP68:BT68) -> 47 | BO68: =COUNTIF($F68:$BM68,"0") -> 8 | BP68: =COUNTIF($F68:$BM68,BP$1) -> 4 | BQ68: =COUNTIF($F68:$BM68,BQ$1) -> 11 | BR68: =COUNTIF($F68:$BM68,BR$1) -> 18 | BS68: =COUNTIF($F68:$BM68,BS$1) -> 8 | BT68: =COUNTIF($F68:$BM68,BT$1) -> 6
A69: 66 | B69: 25 | C69: T3 | D69: Trần Tuấn Anh | E69: QA | F69: A | G69: A | H69: A | I69: A | J69: 0 | K69: E | L69: E | M69: E | N69: E | O69: E | P69: E | Q69: 0 | R69: D | S69: H | T69: H | U69: H | V69: H | W69: 0 | X69: D | Y69: D | Z69: D | AA69: D | AB69: D | AC69: D | AD69: D | AE69: 0 | AF69: C | AG69: C | AH69: C | AI69: C | AJ69: C | AK69: C | AL69: C | AM69: 0 | AN69: C | AO69: C | AP69: C | AQ69: C | AR69: 0 | AS69: C | AT69: C | AU69: C | AV69: C | AW69: C | AX69: C | AY69: C | AZ69: 0 | BA69: B | BB69: B | BC69: B | BD69: B | BE69: B | BF69: B | BG69: 0 | BH69: B | BI69: B | BJ69: B | BK69: B | BL69: B | BN69: =SUM(BP69:BT69) -> 47 | BO69: =COUNTIF($F69:$BM69,"0") -> 8 | BP69: =COUNTIF($F69:$BM69,BP$1) -> 4 | BQ69: =COUNTIF($F69:$BM69,BQ$1) -> 11 | BR69: =COUNTIF($F69:$BM69,BR$1) -> 18 | BS69: =COUNTIF($F69:$BM69,BS$1) -> 8 | BT69: =COUNTIF($F69:$BM69,BT$1) -> 6
A70: 67 | B70: 3 | C70: T3 | D70: Ngô Trung Nhật | E70: Sr QA | F70: A | G70: A | H70: A | I70: 0 | J70: E | K70: E | L70: E | M70: E | N70: E | O70: E | P70: 0 | Q70: D | R70: D | S70: D | T70: D | U70: D | V70: D | W70: 0 | X70: D | Y70: D | Z70: D | AA70: D | AB70: D | AC70: D | AD70: D | AE70: 0 | AF70: C | AG70: C | AH70: C | AI70: C | AJ70: C | AK70: 0 | AL70: C | AM70: C | AN70: C | AO70: C | AP70: C | AQ70: C | AR70: 0 | AS70: C | AT70: C | AU70: C | AV70: C | AW70: C | AX70: C | AY70: C | AZ70: 0 | BA70: B | BB70: B | BC70: B | BD70: B | BE70: B | BF70: 0 | BG70: B | BH70: B | BI70: B | BJ70: B | BK70: B | BL70: B | BN70: =SUM(BP70:BT70) -> 51 | BO70: =COUNTIF($F70:$BM70,"0") -> 8 | BP70: =COUNTIF($F70:$BM70,BP$1) -> 3 | BQ70: =COUNTIF($F70:$BM70,BQ$1) -> 11 | BR70: =COUNTIF($F70:$BM70,BR$1) -> 18 | BS70: =COUNTIF($F70:$BM70,BS$1) -> 13 | BT70: =COUNTIF($F70:$BM70,BT$1) -> 6
A71: 68 | B71: 26 | C71: T4 | D71: Nguyễn Huỳnh Quốc Duy | E71: QA | F71: E | G71: E | H71: E | I71: 0 | J71: D | K71: D | L71: D | M71: D | N71: D | O71: D | P71: 0 | Q71: D | R71: D | S71: D | T71: D | U71: D | V71: D | W71: D | X71: 0 | Y71: C | Z71: C | AA71: C | AB71: C | AC71: C | AD71: C | AE71: C | AF71: 0 | AG71: C | AH71: C | AI71: C | AJ71: C | AK71: 0 | AL71: C | AM71: C | AN71: C | AO71: C | AP71: C | AQ71: C | AR71: C | AS71: 0 | AT71: B | AU71: B | AV71: B | AW71: B | AX71: B | AY71: B | AZ71: 0 | BA71: B | BB71: B | BC71: B | BD71: B | BE71: B | BF71: B | BG71: 0 | BH71: B | BI71: B | BJ71: B | BK71: B | BL71: B | BN71: =SUM(BP71:BT71) -> 51 | BO71: =COUNTIF($F71:$BM71,"0") -> 8 | BP71: =COUNTIF($F71:$BM71,BP$1) -> 0 | BQ71: =COUNTIF($F71:$BM71,BQ$1) -> 17 | BR71: =COUNTIF($F71:$BM71,BR$1) -> 18 | BS71: =COUNTIF($F71:$BM71,BS$1) -> 13 | BT71: =COUNTIF($F71:$BM71,BT$1) -> 3
A72: 69 | B72: 27 | C72: T4 | D72: Bùi Nhật Anh | E72: QA | F72: E | G72: E | H72: E | I72: 0 | J72: D | K72: D | L72: D | M72: D | N72: D | O72: D | P72: 0 | Q72: D | R72: D | S72: D | T72: D | U72: D | V72: H | X72: 0 | Y72: C | Z72: C | AA72: C | AB72: C | AC72: C | AD72: C | AE72: C | AF72: 0 | AG72: C | AH72: C | AI72: C | AJ72: C | AK72: 0 | AL72: C | AM72: C | AN72: C | AO72: C | AP72: C | AQ72: C | AR72: C | AS72: 0 | AT72: B | AU72: B | AV72: B | AW72: B | AX72: B | AY72: 0 | AZ72: B | BA72: B | BB72: B | BC72: B | BD72: B | BE72: B | BF72: 0 | BG72: B | BH72: B | BI72: B | BJ72: B | BK72: B | BL72: B | BN72: =SUM(BP72:BT72) -> 49 | BO72: =COUNTIF($F72:$BM72,"0") -> 8 | BP72: =COUNTIF($F72:$BM72,BP$1) -> 0 | BQ72: =COUNTIF($F72:$BM72,BQ$1) -> 17 | BR72: =COUNTIF($F72:$BM72,BR$1) -> 18 | BS72: =COUNTIF($F72:$BM72,BS$1) -> 11 | BT72: =COUNTIF($F72:$BM72,BT$1) -> 3
A73: 70 | B73: 28 | C73: T4 | D73: Khổng Thị Quỳnh Như | E73: QA | F73: E | G73: E | H73: E | I73: 0 | J73: D | K73: D | L73: D | M73: D | N73: D | O73: D | Q73: 0 | R73: H | S73: H | T73: H | U73: H | V73: H | W73: 0 | X73: C | Y73: C | Z73: C | AA73: C | AB73: C | AC73: C | AD73: C | AE73: 0 | AF73: C | AG73: C | AH73: C | AI73: C | AJ73: C | AK73: C | AL73: 0 | AM73: C | AN73: C | AO73: C | AP73: C | AQ73: C | AR73: C | AS73: 0 | AT73: B | AU73: B | AV73: B | AW73: B | AX73: B | AY73: B | AZ73: 0 | BA73: B | BB73: B | BC73: B | BD73: B | BE73: B | BF73: B | BG73: 0 | BH73: B | BI73: B | BJ73: B | BK73: B | BL73: B | BN73: =SUM(BP73:BT73) -> 45 | BO73: =COUNTIF($F73:$BM73,"0") -> 8 | BP73: =COUNTIF($F73:$BM73,BP$1) -> 0 | BQ73: =COUNTIF($F73:$BM73,BQ$1) -> 17 | BR73: =COUNTIF($F73:$BM73,BR$1) -> 19 | BS73: =COUNTIF($F73:$BM73,BS$1) -> 6 | BT73: =COUNTIF($F73:$BM73,BT$1) -> 3
A74: 71 | B74: 29 | C74: T4 | D74: Nhữ Thị Hiền | E74: QA | F74: E | G74: E | H74: E | I74: 0 | J74: D | K74: D | L74: D | M74: D | N74: D | O74: D | Q74: 0 | R74: H | S74: H | T74: H | U74: H | V74: H | W74: 0 | X74: C | Y74: C | Z74: C | AA74: C | AB74: C | AC74: C | AD74: 0 | AE74: C | AF74: C | AG74: C | AH74: C | AI74: C | AJ74: C | AK74: C | AL74: 0 | AM74: C | AN74: C | AO74: C | AP74: C | AQ74: C | AR74: C | AS74: 0 | AT74: B | AU74: B | AV74: B | AW74: B | AX74: B | AY74: 0 | AZ74: B | BA74: B | BB74: B | BC74: B | BD74: B | BE74: B | BF74: B | BG74: 0 | BH74: B | BI74: B | BJ74: B | BK74: B | BL74: B | BN74: =SUM(BP74:BT74) -> 45 | BO74: =COUNTIF($F74:$BM74,"0") -> 8 | BP74: =COUNTIF($F74:$BM74,BP$1) -> 0 | BQ74: =COUNTIF($F74:$BM74,BQ$1) -> 17 | BR74: =COUNTIF($F74:$BM74,BR$1) -> 19 | BS74: =COUNTIF($F74:$BM74,BS$1) -> 6 | BT74: =COUNTIF($F74:$BM74,BT$1) -> 3
A75: 72 | B75: 30 | C75: T4 | D75: Mai Hà Bảo Trâm | E75: QA | F75: E | G75: E | H75: E | I75: E | J75: 0 | K75: D | L75: D | M75: D | N75: D | Q75: 0 | R75: H | S75: H | T75: H | U75: H | V75: H | X75: 0 | Y75: C | Z75: C | AA75: C | AB75: C | AC75: C | AD75: C | AE75: 0 | AF75: C | AG75: C | AH75: C | AI75: C | AJ75: C | AK75: C | AL75: 0 | AM75: C | AN75: C | AO75: C | AP75: C | AQ75: C | AR75: C | AS75: 0 | AT75: B | AU75: B | AV75: B | AW75: B | AX75: B | AY75: 0 | AZ75: B | BA75: B | BB75: B | BC75: B | BD75: B | BE75: B | BF75: B | BG75: 0 | BH75: B | BI75: B | BJ75: B | BK75: B | BL75: B | BN75: =SUM(BP75:BT75) -> 43 | BO75: =COUNTIF($F75:$BM75,"0") -> 8 | BP75: =COUNTIF($F75:$BM75,BP$1) -> 0 | BQ75: =COUNTIF($F75:$BM75,BQ$1) -> 17 | BR75: =COUNTIF($F75:$BM75,BR$1) -> 18 | BS75: =COUNTIF($F75:$BM75,BS$1) -> 4 | BT75: =COUNTIF($F75:$BM75,BT$1) -> 4
A76: 73 | B76: 4 | C76: T4 | D76: Nguyễn Huy Hiền | E76: Sr QA | F76: E | G76: E | H76: E | I76: E | J76: 0 | K76: D | L76: D | M76: D | N76: D | O76: D | P76: 0 | Q76: D | R76: D | S76: D | T76: D | U76: D | V76: D | W76: D | X76: 0 | Y76: C | Z76: C | AA76: C | AB76: C | AC76: C | AD76: 0 | AE76: C | AF76: C | AG76: C | AH76: C | AI76: C | AJ76: C | AK76: 0 | AL76: C | AM76: C | AN76: C | AO76: C | AP76: C | AQ76: C | AR76: C | AS76: 0 | AT76: B | AU76: B | AV76: B | AW76: B | AX76: B | AY76: 0 | AZ76: B | BA76: B | BB76: B | BC76: B | BD76: B | BE76: B | BF76: B | BG76: 0 | BH76: B | BI76: B | BJ76: B | BK76: B | BL76: B | BN76: =SUM(BP76:BT76) -> 51 | BO76: =COUNTIF($F76:$BM76,"0") -> 8 | BP76: =COUNTIF($F76:$BM76,BP$1) -> 0 | BQ76: =COUNTIF($F76:$BM76,BQ$1) -> 17 | BR76: =COUNTIF($F76:$BM76,BR$1) -> 18 | BS76: =COUNTIF($F76:$BM76,BS$1) -> 12 | BT76: =COUNTIF($F76:$BM76,BT$1) -> 4
A77: 74 | B77: 31 | C77: T5 | D77: Ân Hồng Kim Ý | E77: QA | F77: D | G77: D | H77: D | I77: D | J77: 0 | K77: D | L77: D | M77: D | N77: D | O77: D | P77: D | Q77: D | R77: 0 | S77: C | T77: C | U77: C | V77: C | W77: 0 | X77: C | Y77: C | Z77: C | AA77: C | AB77: C | AC77: C | AD77: 0 | AE77: C | AF77: C | AG77: C | AH77: C | AI77: C | AJ77: C | AK77: C | AL77: 0 | AM77: B | AN77: B | AO77: B | AP77: B | AQ77: B | AR77: 0 | AS77: B | AT77: B | AU77: B | AV77: B | AW77: B | AX77: B | AY77: 0 | AZ77: B | BA77: B | BB77: B | BC77: B | BD77: B | BE77: B | BF77: B | BG77: 0 | BH77: A | BI77: A | BJ77: A | BK77: A | BL77: A | BN77: =SUM(BP77:BT77) -> 51 | BO77: =COUNTIF($F77:$BM77,"0") -> 8 | BP77: =COUNTIF($F77:$BM77,BP$1) -> 5 | BQ77: =COUNTIF($F77:$BM77,BQ$1) -> 18 | BR77: =COUNTIF($F77:$BM77,BR$1) -> 17 | BS77: =COUNTIF($F77:$BM77,BS$1) -> 11 | BT77: =COUNTIF($F77:$BM77,BT$1) -> 0
A78: 75 | B78: 32 | C78: T5 | D78: Nguyễn Tuyên Hoàng | E78: QA | F78: D | G78: D | H78: D | I78: D | J78: D | K78: 0 | L78: D | M78: D | N78: D | O78: D | P78: D | Q78: D | R78: 0 | S78: C | T78: C | U78: C | V78: C | W78: C | X78: C | Y78: 0 | Z78: C | AA78: C | AB78: C | AC78: C | AD78: C | AE78: 0 | AF78: C | AG78: C | AH78: C | AI78: C | AJ78: C | AK78: 0 | AL78: B | AM78: B | AN78: B | AO78: B | AP78: B | AQ78: B | AR78: 0 | AS78: B | AT78: B | AU78: B | AV78: B | AW78: B | AX78: B | AY78: B | AZ78: 0 | BA78: B | BB78: B | BC78: B | BD78: B | BE78: B | BF78: B | BG78: 0 | BH78: A | BI78: A | BJ78: A | BK78: A | BL78: A | BN78: =SUM(BP78:BT78) -> 51 | BO78: =COUNTIF($F78:$BM78,"0") -> 8 | BP78: =COUNTIF($F78:$BM78,BP$1) -> 5 | BQ78: =COUNTIF($F78:$BM78,BQ$1) -> 19 | BR78: =COUNTIF($F78:$BM78,BR$1) -> 16 | BS78: =COUNTIF($F78:$BM78,BS$1) -> 11 | BT78: =COUNTIF($F78:$BM78,BT$1) -> 0
A79: 76 | B79: 33 | C79: T5 | D79: Trần Thị Phương Trang | E79: QA | F79: D | G79: D | H79: D | I79: D | J79: D | K79: 0 | L79: D | M79: D | N79: D | O79: D | P79: D | Q79: 0 | R79: H | S79: H | T79: H | U79: H | V79: H | W79: 0 | X79: C | Y79: C | Z79: C | AA79: C | AB79: C | AC79: C | AD79: C | AE79: 0 | AF79: C | AG79: C | AH79: C | AI79: C | AJ79: C | AK79: C | AL79: 0 | AM79: B | AN79: B | AO79: B | AP79: B | AQ79: B | AR79: B | AS79: 0 | AT79: B | AU79: B | AV79: B | AW79: B | AX79: B | AY79: B | AZ79: 0 | BA79: B | BB79: B | BC79: B | BD79: B | BE79: B | BF79: B | BG79: 0 | BH79: A | BI79: A | BJ79: A | BK79: A | BL79: A | BN79: =SUM(BP79:BT79) -> 46 | BO79: =COUNTIF($F79:$BM79,"0") -> 8 | BP79: =COUNTIF($F79:$BM79,BP$1) -> 5 | BQ79: =COUNTIF($F79:$BM79,BQ$1) -> 18 | BR79: =COUNTIF($F79:$BM79,BR$1) -> 13 | BS79: =COUNTIF($F79:$BM79,BS$1) -> 10 | BT79: =COUNTIF($F79:$BM79,BT$1) -> 0
A80: 77 | B80: 34 | C80: T5 | D80: Phan Thị Phương Thảo | E80: QA | F80: D | G80: D | H80: D | I80: D | J80: 0 | K80: D | L80: D | M80: D | N80: D | O80: D | P80: 0 | R80: H | S80: H | T80: H | U80: H | V80: H | W80: 0 | X80: C | Y80: C | Z80: C | AA80: C | AB80: C | AC80: C | AD80: 0 | AE80: C | AF80: C | AG80: C | AH80: C | AI80: C | AJ80: C | AK80: C | AL80: 0 | AM80: B | AN80: B | AO80: B | AP80: B | AQ80: B | AR80: 0 | AS80: B | AT80: B | AU80: B | AV80: B | AW80: B | AX80: B | AY80: 0 | AZ80: B | BA80: B | BB80: B | BC80: B | BD80: B | BE80: B | BF80: B | BG80: 0 | BH80: A | BI80: A | BJ80: A | BK80: A | BL80: A | BN80: =SUM(BP80:BT80) -> 45 | BO80: =COUNTIF($F80:$BM80,"0") -> 8 | BP80: =COUNTIF($F80:$BM80,BP$1) -> 5 | BQ80: =COUNTIF($F80:$BM80,BQ$1) -> 18 | BR80: =COUNTIF($F80:$BM80,BR$1) -> 13 | BS80: =COUNTIF($F80:$BM80,BS$1) -> 9 | BT80: =COUNTIF($F80:$BM80,BT$1) -> 0
A81: 78 | B81: 5 | C81: T5 | D81: Nguyễn Trần Tông | E81: Sr QA | F81: D | G81: D | H81: D | I81: 0 | J81: D | K81: D | L81: D | M81: D | Q81: 0 | R81: H | S81: H | T81: H | U81: H | V81: H | W81: 0 | X81: C | Y81: C | Z81: C | AA81: C | AB81: C | AC81: C | AD81: 0 | AE81: C | AF81: C | AG81: C | AH81: C | AI81: C | AJ81: C | AK81: C | AL81: 0 | AM81: B | AN81: B | AO81: B | AP81: B | AQ81: B | AR81: B | AS81: 0 | AT81: B | AU81: B | AV81: B | AW81: B | AX81: B | AY81: B | AZ81: 0 | BA81: B | BB81: B | BC81: B | BD81: B | BE81: B | BF81: B | BG81: 0 | BH81: A | BI81: A | BJ81: A | BK81: A | BL81: A | BN81: =SUM(BP81:BT81) -> 43 | BO81: =COUNTIF($F81:$BM81,"0") -> 8 | BP81: =COUNTIF($F81:$BM81,BP$1) -> 5 | BQ81: =COUNTIF($F81:$BM81,BQ$1) -> 18 | BR81: =COUNTIF($F81:$BM81,BR$1) -> 13 | BS81: =COUNTIF($F81:$BM81,BS$1) -> 7 | BT81: =COUNTIF($F81:$BM81,BT$1) -> 0
A82: 79 | B82: 35 | C82: T6 | D82: Lư Quang Trực | E82: QA | F82: D | G82: D | H82: D | I82: D | J82: D | K82: 0 | L82: C | M82: C | N82: C | O82: C | P82: 0 | Q82: C | R82: C | S82: C | T82: C | U82: C | V82: C | W82: C | X82: 0 | Y82: C | Z82: C | AA82: C | AB82: C | AC82: C | AD82: C | AE82: 0 | AF82: B | AG82: B | AH82: B | AI82: B | AJ82: B | AK82: 0 | AL82: B | AM82: B | AN82: B | AO82: B | AP82: B | AQ82: B | AR82: B | AS82: 0 | AT82: B | AU82: B | AV82: B | AW82: B | AX82: B | AY82: B | AZ82: 0 | BA82: A | BB82: A | BC82: A | BD82: A | BE82: A | BF82: 0 | BG82: A | BH82: A | BI82: A | BJ82: A | BK82: A | BL82: A | BN82: =SUM(BP82:BT82) -> 51 | BO82: =COUNTIF($F82:$BM82,"0") -> 8 | BP82: =COUNTIF($F82:$BM82,BP$1) -> 11 | BQ82: =COUNTIF($F82:$BM82,BQ$1) -> 18 | BR82: =COUNTIF($F82:$BM82,BR$1) -> 17 | BS82: =COUNTIF($F82:$BM82,BS$1) -> 5 | BT82: =COUNTIF($F82:$BM82,BT$1) -> 0
A83: 80 | B83: 36 | C83: T6 | D83: Vũ Trung Kiên | E83: QA | F83: D | G83: D | H83: D | I83: D | J83: D | K83: 0 | L83: C | M83: C | N83: C | O83: C | Q83: 0 | R83: H | S83: H | T83: H | U83: H | V83: H | W83: 0 | X83: C | Y83: C | Z83: C | AA83: C | AB83: C | AC83: C | AD83: C | AE83: 0 | AF83: B | AG83: B | AH83: B | AI83: B | AJ83: B | AK83: 0 | AL83: B | AM83: B | AN83: B | AO83: B | AP83: B | AQ83: B | AR83: B | AS83: 0 | AT83: B | AU83: B | AV83: B | AW83: B | AX83: B | AY83: B | AZ83: 0 | BA83: A | BB83: A | BC83: A | BD83: A | BE83: A | BF83: 0 | BG83: A | BH83: A | BI83: A | BJ83: A | BK83: A | BL83: A | BN83: =SUM(BP83:BT83) -> 45 | BO83: =COUNTIF($F83:$BM83,"0") -> 8 | BP83: =COUNTIF($F83:$BM83,BP$1) -> 11 | BQ83: =COUNTIF($F83:$BM83,BQ$1) -> 18 | BR83: =COUNTIF($F83:$BM83,BR$1) -> 11 | BS83: =COUNTIF($F83:$BM83,BS$1) -> 5 | BT83: =COUNTIF($F83:$BM83,BT$1) -> 0
A84: 81 | B84: 37 | C84: T6 | D84: Phạm Văn Thắng | E84: QA | F84: D | G84: D | H84: D | I84: D | J84: D | K84: 0 | L84: C | M84: C | N84: C | O84: C | Q84: 0 | R84: H | S84: H | T84: H | U84: H | V84: H | W84: 0 | X84: C | Y84: C | Z84: C | AA84: C | AB84: C | AC84: C | AD84: C | AE84: 0 | AF84: B | AG84: B | AH84: B | AI84: B | AJ84: B | AK84: B | AL84: 0 | AM84: B | AN84: B | AO84: B | AP84: B | AQ84: B | AR84: 0 | AS84: B | AT84: B | AU84: B | AV84: B | AW84: B | AX84: B | AY84: B | AZ84: 0 | BA84: A | BB84: A | BC84: A | BD84: A | BE84: A | BF84: 0 | BG84: A | BH84: A | BI84: A | BJ84: A | BK84: A | BL84: A | BN84: =SUM(BP84:BT84) -> 45 | BO84: =COUNTIF($F84:$BM84,"0") -> 8 | BP84: =COUNTIF($F84:$BM84,BP$1) -> 11 | BQ84: =COUNTIF($F84:$BM84,BQ$1) -> 18 | BR84: =COUNTIF($F84:$BM84,BR$1) -> 11 | BS84: =COUNTIF($F84:$BM84,BS$1) -> 5 | BT84: =COUNTIF($F84:$BM84,BT$1) -> 0
A85: 82 | B85: 38 | C85: T6 | D85: Cao Đức Hiếu | E85: QA | F85: D | G85: D | H85: D | I85: D | J85: D | K85: 0 | Q85: 0 | R85: H | S85: H | T85: H | U85: C | V85: C | W85: C | X85: 0 | Y85: C | Z85: C | AA85: C | AB85: C | AC85: C | AD85: C | AE85: 0 | AF85: B | AG85: B | AH85: B | AI85: B | AJ85: B | AK85: 0 | AL85: B | AM85: B | AN85: B | AO85: B | AP85: B | AQ85: B | AR85: B | AS85: 0 | AT85: B | AU85: B | AV85: B | AW85: B | AX85: B | AY85: B | AZ85: 0 | BA85: A | BB85: A | BC85: A | BD85: A | BE85: A | BF85: 0 | BG85: A | BH85: A | BI85: A | BJ85: A | BK85: A | BL85: A | BN85: =SUM(BP85:BT85) -> 43 | BO85: =COUNTIF($F85:$BM85,"0") -> 8 | BP85: =COUNTIF($F85:$BM85,BP$1) -> 11 | BQ85: =COUNTIF($F85:$BM85,BQ$1) -> 18 | BR85: =COUNTIF($F85:$BM85,BR$1) -> 9 | BS85: =COUNTIF($F85:$BM85,BS$1) -> 5 | BT85: =COUNTIF($F85:$BM85,BT$1) -> 0
A86: 83 | B86: 6 | C86: T6 | D86: Nguyễn Thị Anh Phương | E86: Sr QA | F86: D | G86: D | H86: D | I86: D | J86: 0 | K86: C | L86: C | M86: C | N86: C | O86: C | P86: 0 | Q86: C | R86: C | S86: C | T86: C | U86: C | V86: C | W86: 0 | X86: C | Y86: C | Z86: C | AA86: C | AB86: C | AC86: C | AD86: C | AE86: 0 | AF86: B | AG86: B | AH86: B | AI86: B | AJ86: B | AK86: B | AL86: 0 | AM86: B | AN86: B | AO86: B | AP86: B | AQ86: B | AR86: 0 | AS86: B | AT86: B | AU86: B | AV86: B | AW86: B | AX86: B | AY86: 0 | AZ86: A | BA86: A | BB86: A | BC86: A | BD86: A | BE86: A | BF86: 0 | BG86: A | BH86: A | BI86: A | BJ86: A | BK86: A | BL86: A | BN86: =SUM(BP86:BT86) -> 51 | BO86: =COUNTIF($F86:$BM86,"0") -> 8 | BP86: =COUNTIF($F86:$BM86,BP$1) -> 12 | BQ86: =COUNTIF($F86:$BM86,BQ$1) -> 17 | BR86: =COUNTIF($F86:$BM86,BR$1) -> 18 | BS86: =COUNTIF($F86:$BM86,BS$1) -> 4 | BT86: =COUNTIF($F86:$BM86,BT$1) -> 0
A87: 84 | B87: 39 | C87: T7 | D87: Nguyễn Lâm Bảo Ngọc | E87: QA | F87: C | G87: C | H87: C | I87: C | J87: C | K87: 0 | L87: C | M87: C | N87: C | O87: C | P87: C | Q87: 0 | R87: H | S87: C | T87: C | U87: C | V87: C | W87: C | X87: 0 | Y87: B | Z87: B | AA87: B | AB87: B | AC87: B | AD87: B | AE87: B | AF87: 0 | AG87: B | AH87: B | AI87: B | AJ87: B | AK87: 0 | AL87: B | AM87: B | AN87: B | AO87: B | AP87: B | AQ87: B | AR87: B | AS87: 0 | AT87: A | AU87: A | AV87: A | AW87: A | AX87: A | AY87: 0 | AZ87: A | BA87: A | BB87: A | BC87: A | BD87: A | BE87: A | BF87: A | BG87: 0 | BH87: E | BI87: E | BJ87: E | BK87: E | BL87: E | BN87: =SUM(BP87:BT87) -> 50 | BO87: =COUNTIF($F87:$BM87,"0") -> 8 | BP87: =COUNTIF($F87:$BM87,BP$1) -> 12 | BQ87: =COUNTIF($F87:$BM87,BQ$1) -> 18 | BR87: =COUNTIF($F87:$BM87,BR$1) -> 15 | BS87: =COUNTIF($F87:$BM87,BS$1) -> 0 | BT87: =COUNTIF($F87:$BM87,BT$1) -> 5
A88: 85 | B88: 40 | C88: T7 | D88: Bùi Trọng Sơn | E88: QA | F88: C | G88: C | H88: C | I88: C | J88: C | K88: 0 | L88: C | M88: C | N88: C | O88: C | P88: 0 | Q88: C | R88: C | S88: C | T88: C | U88: C | V88: C | W88: C | X88: 0 | Y88: B | Z88: B | AA88: B | AB88: B | AC88: B | AD88: B | AE88: B | AF88: 0 | AG88: B | AH88: B | AI88: B | AJ88: B | AK88: 0 | AL88: B | AM88: B | AN88: B | AO88: B | AP88: B | AQ88: B | AR88: B | AS88: 0 | AT88: A | AU88: A | AV88: A | AW88: A | AX88: A | AY88: 0 | AZ88: A | BA88: A | BB88: A | BC88: A | BD88: A | BE88: A | BF88: A | BG88: 0 | BH88: E | BI88: E | BJ88: E | BK88: E | BL88: E | BN88: =SUM(BP88:BT88) -> 51 | BO88: =COUNTIF($F88:$BM88,"0") -> 8 | BP88: =COUNTIF($F88:$BM88,BP$1) -> 12 | BQ88: =COUNTIF($F88:$BM88,BQ$1) -> 18 | BR88: =COUNTIF($F88:$BM88,BR$1) -> 16 | BS88: =COUNTIF($F88:$BM88,BS$1) -> 0 | BT88: =COUNTIF($F88:$BM88,BT$1) -> 5
A89: 86 | B89: 41 | C89: T7 | D89: Hồ Tấn Phúc | E89: QA | F89: C | G89: C | H89: C | I89: C | J89: C | K89: 0 | L89: C | M89: C | N89: C | O89: C | P89: 0 | Q89: C | R89: C | S89: C | T89: C | U89: C | V89: H | W89: 0 | X89: B | Y89: B | Z89: B | AA89: B | AB89: B | AC89: B | AD89: B | AE89: 0 | AF89: B | AG89: B | AH89: B | AI89: B | AJ89: B | AK89: 0 | AL89: B | AM89: B | AN89: B | AO89: B | AP89: B | AQ89: B | AR89: B | AS89: 0 | AT89: A | AU89: A | AV89: A | AW89: A | AX89: A | AY89: 0 | AZ89: A | BA89: A | BB89: A | BC89: A | BD89: A | BE89: A | BF89: A | BG89: 0 | BH89: E | BI89: E | BJ89: E | BK89: E | BL89: E | BN89: =SUM(BP89:BT89) -> 50 | BO89: =COUNTIF($F89:$BM89,"0") -> 8 | BP89: =COUNTIF($F89:$BM89,BP$1) -> 12 | BQ89: =COUNTIF($F89:$BM89,BQ$1) -> 19 | BR89: =COUNTIF($F89:$BM89,BR$1) -> 14 | BS89: =COUNTIF($F89:$BM89,BS$1) -> 0 | BT89: =COUNTIF($F89:$BM89,BT$1) -> 5
A90: 87 | B90: 42 | C90: T7 | D90: Huỳnh Thị Mỹ Kim | E90: QA | F90: C | G90: C | H90: C | I90: C | J90: C | K90: 0 | L90: C | M90: C | N90: C | O90: C | Q90: 0 | R90: H | S90: H | T90: H | U90: H | V90: H | W90: 0 | X90: B | Y90: B | Z90: B | AA90: B | AB90: B | AC90: B | AD90: 0 | AE90: B | AF90: B | AG90: B | AH90: B | AI90: B | AJ90: B | AK90: B | AL90: 0 | AM90: B | AN90: B | AO90: B | AP90: B | AQ90: B | AR90: B | AS90: 0 | AT90: A | AU90: A | AV90: A | AW90: A | AX90: A | AY90: 0 | AZ90: A | BA90: A | BB90: A | BC90: A | BD90: A | BE90: A | BF90: A | BG90: 0 | BH90: E | BI90: E | BJ90: E | BK90: E | BL90: E | BN90: =SUM(BP90:BT90) -> 45 | BO90: =COUNTIF($F90:$BM90,"0") -> 8 | BP90: =COUNTIF($F90:$BM90,BP$1) -> 12 | BQ90: =COUNTIF($F90:$BM90,BQ$1) -> 19 | BR90: =COUNTIF($F90:$BM90,BR$1) -> 9 | BS90: =COUNTIF($F90:$BM90,BS$1) -> 0 | BT90: =COUNTIF($F90:$BM90,BT$1) -> 5
A91: 88 | B91: 7 | C91: T7 | D91: Đào Công Tấn Anh | E91: Sr QA | F91: C | G91: C | H91: C | I91: 0 | J91: C | K91: C | L91: C | M91: C | N91: C | O91: C | P91: C | Q91: 0 | R91: C | S91: C | T91: C | U91: C | V91: C | W91: C | X91: 0 | Y91: B | Z91: B | AA91: B | AB91: B | AC91: B | AD91: B | AE91: 0 | AF91: B | AG91: B | AH91: B | AI91: B | AJ91: B | AK91: B | AL91: 0 | AM91: B | AN91: B | AO91: B | AP91: B | AQ91: B | AR91: 0 | AS91: A | AT91: A | AU91: A | AV91: A | AW91: A | AX91: A | AY91: A | AZ91: 0 | BA91: A | BB91: A | BC91: A | BD91: A | BE91: A | BF91: 0 | BG91: E | BH91: E | BI91: E | BJ91: E | BK91: E | BL91: E | BN91: =SUM(BP91:BT91) -> 51 | BO91: =COUNTIF($F91:$BM91,"0") -> 8 | BP91: =COUNTIF($F91:$BM91,BP$1) -> 12 | BQ91: =COUNTIF($F91:$BM91,BQ$1) -> 17 | BR91: =COUNTIF($F91:$BM91,BR$1) -> 16 | BS91: =COUNTIF($F91:$BM91,BS$1) -> 0 | BT91: =COUNTIF($F91:$BM91,BT$1) -> 6
A92: 89 | B92: 43 | C92: T8 | D92: Phan Xuân Thịnh | E92: QA | F92: C | G92: C | H92: C | I92: 0 | J92: C | K92: C | L92: C | M92: C | N92: C | O92: C | P92: C | Q92: 0 | R92: B | S92: B | T92: B | U92: B | V92: B | W92: 0 | X92: B | Y92: B | Z92: B | AA92: B | AB92: B | AC92: B | AD92: 0 | AE92: B | AF92: B | AG92: B | AH92: B | AI92: B | AJ92: B | AK92: B | AL92: 0 | AM92: A | AN92: A | AO92: A | AP92: A | AQ92: A | AR92: 0 | AS92: A | AT92: A | AU92: A | AV92: A | AW92: A | AX92: A | AY92: 0 | AZ92: E | BA92: E | BB92: E | BC92: E | BD92: E | BE92: E | BF92: E | BG92: 0 | BH92: D | BI92: D | BJ92: D | BK92: D | BL92: D | BN92: =SUM(BP92:BT92) -> 51 | BO92: =COUNTIF($F92:$BM92,"0") -> 8 | BP92: =COUNTIF($F92:$BM92,BP$1) -> 11 | BQ92: =COUNTIF($F92:$BM92,BQ$1) -> 18 | BR92: =COUNTIF($F92:$BM92,BR$1) -> 10 | BS92: =COUNTIF($F92:$BM92,BS$1) -> 5 | BT92: =COUNTIF($F92:$BM92,BT$1) -> 7
A93: 90 | B93: 44 | C93: T8 | D93: Phạm Hà Duy Tân | E93: QA | F93: C | G93: C | H93: C | I93: 0 | J93: C | K93: C | L93: C | M93: C | N93: C | O93: C | P93: C | Q93: 0 | R93: B | S93: B | T93: B | U93: B | V93: B | W93: 0 | X93: B | Y93: B | Z93: B | AA93: B | AB93: B | AC93: B | AD93: B | AE93: 0 | AF93: B | AG93: B | AH93: B | AI93: B | AJ93: B | AK93: B | AL93: 0 | AM93: A | AN93: A | AO93: A | AP93: A | AQ93: A | AR93: 0 | AS93: A | AT93: A | AU93: A | AV93: A | AW93: A | AX93: A | AY93: A | AZ93: 0 | BA93: E | BB93: E | BC93: E | BD93: E | BE93: E | BF93: 0 | BG93: D | BH93: D | BI93: D | BJ93: D | BK93: D | BL93: D | BN93: =SUM(BP93:BT93) -> 51 | BO93: =COUNTIF($F93:$BM93,"0") -> 8 | BP93: =COUNTIF($F93:$BM93,BP$1) -> 12 | BQ93: =COUNTIF($F93:$BM93,BQ$1) -> 18 | BR93: =COUNTIF($F93:$BM93,BR$1) -> 10 | BS93: =COUNTIF($F93:$BM93,BS$1) -> 6 | BT93: =COUNTIF($F93:$BM93,BT$1) -> 5
A94: 91 | B94: 45 | C94: T8 | D94: Cao Chí Hải | E94: QA | F94: C | G94: C | H94: C | I94: 0 | J94: C | K94: C | L94: C | M94: C | N94: C | O94: C | P94: C | Q94: 0 | R94: B | S94: B | T94: B | U94: B | V94: B | W94: B | X94: B | Y94: 0 | Z94: B | AA94: B | AB94: B | AC94: B | AD94: 0 | AE94: B | AF94: B | AG94: B | AH94: B | AI94: B | AJ94: B | AK94: B | AL94: 0 | AM94: A | AN94: A | AO94: A | AP94: A | AQ94: A | AR94: 0 | AS94: A | AT94: A | AU94: A | AV94: A | AW94: A | AX94: A | AY94: A | AZ94: 0 | BA94: E | BB94: E | BC94: E | BD94: E | BE94: E | BF94: 0 | BG94: D | BH94: D | BI94: D | BJ94: D | BK94: D | BL94: D | BN94: =SUM(BP94:BT94) -> 51 | BO94: =COUNTIF($F94:$BM94,"0") -> 8 | BP94: =COUNTIF($F94:$BM94,BP$1) -> 12 | BQ94: =COUNTIF($F94:$BM94,BQ$1) -> 18 | BR94: =COUNTIF($F94:$BM94,BR$1) -> 10 | BS94: =COUNTIF($F94:$BM94,BS$1) -> 6 | BT94: =COUNTIF($F94:$BM94,BT$1) -> 5
A95: 92 | B95: 46 | C95: T8 | D95: Nguyễn Thanh Thế Cường | E95: QA | F95: C | G95: C | H95: C | I95: 0 | J95: C | K95: C | L95: C | M95: C | N95: C | O95: C | P95: C | Q95: 0 | R95: B | S95: B | T95: B | U95: B | V95: B | W95: 0 | X95: B | Y95: B | Z95: B | AA95: B | AB95: B | AC95: B | AD95: 0 | AE95: B | AF95: B | AG95: B | AH95: B | AI95: B | AJ95: B | AK95: B | AL95: 0 | AM95: A | AN95: A | AO95: A | AP95: A | AQ95: A | AR95: 0 | AS95: A | AT95: A | AU95: A | AV95: A | AW95: A | AX95: A | AY95: A | AZ95: 0 | BA95: E | BB95: E | BC95: E | BD95: E | BE95: E | BF95: 0 | BG95: D | BH95: D | BI95: D | BJ95: D | BK95: D | BL95: D | BN95: =SUM(BP95:BT95) -> 51 | BO95: =COUNTIF($F95:$BM95,"0") -> 8 | BP95: =COUNTIF($F95:$BM95,BP$1) -> 12 | BQ95: =COUNTIF($F95:$BM95,BQ$1) -> 18 | BR95: =COUNTIF($F95:$BM95,BR$1) -> 10 | BS95: =COUNTIF($F95:$BM95,BS$1) -> 6 | BT95: =COUNTIF($F95:$BM95,BT$1) -> 5
A96: 93 | B96: 8 | C96: T8 | D96: Huỳnh Văn Danh | E96: Sr QA | F96: C | G96: C | H96: C | I96: C | J96: 0 | K96: C | L96: C | M96: C | N96: C | O96: C | P96: C | Q96: 0 | R96: H | S96: H | T96: H | U96: H | V96: H | W96: 0 | X96: B | Y96: B | Z96: B | AA96: B | AB96: B | AC96: B | AD96: 0 | AE96: B | AF96: B | AG96: B | AH96: B | AI96: B | AJ96: B | AK96: 0 | AL96: A | AM96: A | AN96: A | AO96: A | AP96: A | AQ96: A | AR96: A | AS96: 0 | AT96: A | AU96: A | AV96: A | AW96: A | AX96: A | AY96: 0 | AZ96: E | BA96: E | BB96: E | BC96: E | BD96: E | BE96: E | BF96: E | BG96: 0 | BH96: D | BI96: D | BJ96: D | BK96: D | BL96: D | BN96: =SUM(BP96:BT96) -> 46 | BO96: =COUNTIF($F96:$BM96,"0") -> 8 | BP96: =COUNTIF($F96:$BM96,BP$1) -> 12 | BQ96: =COUNTIF($F96:$BM96,BQ$1) -> 12 | BR96: =COUNTIF($F96:$BM96,BR$1) -> 10 | BS96: =COUNTIF($F96:$BM96,BS$1) -> 5 | BT96: =COUNTIF($F96:$BM96,BT$1) -> 7
A97: 94 | B97: 47 | C97: T9 | D97: Võ Anh Kiệt | E97: QA | F97: C | G97: C | H97: C | I97: C | J97: 0 | K97: B | L97: B | M97: B | N97: B | O97: B | P97: B | Q97: B | R97: 0 | S97: B | T97: H | U97: B | V97: B | W97: B | X97: B | Y97: 0 | Z97: B | AA97: B | AB97: B | AC97: B | AD97: B | AE97: 0 | AF97: A | AG97: A | AH97: A | AI97: A | AJ97: A | AK97: 0 | AL97: A | AM97: A | AN97: A | AO97: A | AP97: A | AQ97: A | AR97: 0 | AS97: E | AT97: E | AU97: E | AV97: E | AW97: E | AX97: E | AY97: 0 | AZ97: D | BA97: D | BB97: D | BC97: D | BD97: D | BE97: D | BF97: D | BG97: 0 | BH97: D | BI97: D | BJ97: D | BK97: D | BL97: D | BN97: =SUM(BP97:BT97) -> 50 | BO97: =COUNTIF($F97:$BM97,"0") -> 8 | BP97: =COUNTIF($F97:$BM97,BP$1) -> 11 | BQ97: =COUNTIF($F97:$BM97,BQ$1) -> 17 | BR97: =COUNTIF($F97:$BM97,BR$1) -> 4 | BS97: =COUNTIF($F97:$BM97,BS$1) -> 12 | BT97: =COUNTIF($F97:$BM97,BT$1) -> 6
A98: 95 | B98: 48 | C98: T9 | D98: Lê Khả Nhi | E98: QA | F98: C | G98: C | H98: C | I98: C | J98: 0 | K98: B | L98: B | M98: B | N98: B | O98: B | P98: B | Q98: B | R98: 0 | S98: B | T98: B | U98: B | V98: B | W98: B | X98: B | Y98: 0 | Z98: B | AA98: B | AB98: B | AC98: B | AD98: B | AE98: 0 | AF98: A | AG98: A | AH98: A | AI98: A | AJ98: A | AK98: 0 | AL98: A | AM98: A | AN98: A | AO98: A | AP98: A | AQ98: A | AR98: A | AS98: 0 | AT98: E | AU98: E | AV98: E | AW98: E | AX98: E | AY98: 0 | AZ98: D | BA98: D | BB98: D | BC98: D | BD98: D | BE98: D | BF98: D | BG98: 0 | BH98: D | BI98: D | BJ98: D | BK98: D | BL98: D | BN98: =SUM(BP98:BT98) -> 51 | BO98: =COUNTIF($F98:$BM98,"0") -> 8 | BP98: =COUNTIF($F98:$BM98,BP$1) -> 12 | BQ98: =COUNTIF($F98:$BM98,BQ$1) -> 18 | BR98: =COUNTIF($F98:$BM98,BR$1) -> 4 | BS98: =COUNTIF($F98:$BM98,BS$1) -> 12 | BT98: =COUNTIF($F98:$BM98,BT$1) -> 5
A99: 96 | B99: 49 | C99: T9 | D99: Nguyễn Văn Trưởng | E99: QA | F99: C | G99: C | H99: C | I99: C | J99: 0 | K99: B | L99: B | M99: B | N99: B | O99: B | P99: B | Q99: B | R99: 0 | S99: B | T99: B | U99: B | V99: B | W99: B | X99: B | Y99: 0 | Z99: B | AA99: B | AB99: B | AC99: B | AD99: B | AE99: 0 | AF99: A | AG99: A | AH99: A | AI99: A | AJ99: A | AK99: 0 | AL99: A | AM99: A | AN99: A | AO99: A | AP99: A | AQ99: A | AR99: A | AS99: 0 | AT99: E | AU99: E | AV99: E | AW99: E | AX99: E | AY99: 0 | AZ99: D | BA99: D | BB99: D | BC99: D | BD99: D | BE99: D | BF99: D | BG99: 0 | BH99: D | BI99: D | BJ99: D | BK99: D | BL99: D | BN99: =SUM(BP99:BT99) -> 51 | BO99: =COUNTIF($F99:$BM99,"0") -> 8 | BP99: =COUNTIF($F99:$BM99,BP$1) -> 12 | BQ99: =COUNTIF($F99:$BM99,BQ$1) -> 18 | BR99: =COUNTIF($F99:$BM99,BR$1) -> 4 | BS99: =COUNTIF($F99:$BM99,BS$1) -> 12 | BT99: =COUNTIF($F99:$BM99,BT$1) -> 5
A100: 97 | B100: 50 | C100: T9 | D100: Nguyễn Anh Vũ | E100: QA | F100: C | G100: C | H100: C | I100: C | J100: 0 | K100: B | L100: B | M100: B | N100: B | O100: B | P100: B | Q100: B | R100: 0 | S100: B | T100: B | U100: B | V100: B | W100: B | X100: B | Y100: 0 | Z100: B | AA100: B | AB100: B | AC100: B | AD100: B | AE100: 0 | AF100: A | AG100: A | AH100: A | AI100: A | AJ100: A | AK100: A | AL100: 0 | AM100: A | AN100: A | AO100: A | AP100: A | AQ100: A | AR100: A | AS100: 0 | AT100: E | AU100: E | AV100: E | AW100: E | AX100: E | AY100: E | AZ100: 0 | BA100: D | BB100: D | BC100: D | BD100: D | BE100: D | BF100: D | BG100: 0 | BH100: D | BI100: D | BJ100: D | BK100: D | BL100: D | BN100: =SUM(BP100:BT100) -> 51 | BO100: =COUNTIF($F100:$BM100,"0") -> 8 | BP100: =COUNTIF($F100:$BM100,BP$1) -> 12 | BQ100: =COUNTIF($F100:$BM100,BQ$1) -> 18 | BR100: =COUNTIF($F100:$BM100,BR$1) -> 4 | BS100: =COUNTIF($F100:$BM100,BS$1) -> 11 | BT100: =COUNTIF($F100:$BM100,BT$1) -> 6
...

Sheet Schedule April_26
G1: 46106 | H1: 46107 | I1: 46108 | J1: 46109 | K1: 46110 | L1: 46111 | M1: 46112 | N1: 46113 | O1: 46114 | P1: 46115 | Q1: 46116 | R1: 46117 | S1: 46118 | T1: 46119 | U1: 46120 | V1: 46121 | W1: 46122 | X1: 46123 | Y1: 46124 | Z1: 46125 | AA1: 46126 | AB1: 46127 | AC1: 46128 | AD1: 46129 | AE1: 46130 | AF1: 46131 | AG1: 46132 | AH1: 46133 | AI1: 46134 | AJ1: 46135 | AK1: 46136 | AL1: 46137 | AM1: 46138 | AN1: 46139 | AO1: 46140 | AP1: 46141 | AQ1: 46142 | AR1: 46143 | AS1: 46144 | AT1: 46145 | AU1: 46146 | AV1: 46147 | AW1: 46148 | AX1: 46149 | AY1: 46150 | BA1: Workdays | BB1: Day off | BC1: A | BD1: B | BE1: C | BF1: D | BG1: E
A2: No. | B2: New | C2: NAME | E2: POSITION | F2: TIME START | G2: =CHOOSE(WEEKDAY(G1),"Sun","Mon","Tue","Wed","Thu","Fri","Sat") -> Wed | H2: =CHOOSE(WEEKDAY(H1),"Sun","Mon","Tue","Wed","Thu","Fri","Sat") -> Thu | I2: =CHOOSE(WEEKDAY(I1),"Sun","Mon","Tue","Wed","Thu","Fri","Sat") -> Fri | J2: =CHOOSE(WEEKDAY(J1),"Sun","Mon","Tue","Wed","Thu","Fri","Sat") -> Sat | K2: =CHOOSE(WEEKDAY(K1),"Sun","Mon","Tue","Wed","Thu","Fri","Sat") -> Sun | L2: =CHOOSE(WEEKDAY(L1),"Sun","Mon","Tue","Wed","Thu","Fri","Sat") -> Mon | M2: =CHOOSE(WEEKDAY(M1),"Sun","Mon","Tue","Wed","Thu","Fri","Sat") -> Tue | N2: =CHOOSE(WEEKDAY(N1),"Sun","Mon","Tue","Wed","Thu","Fri","Sat") -> Wed | ... AY2: =CHOOSE(WEEKDAY(AY1),"Sun","Mon","Tue","Wed","Thu","Fri","Sat") -> Fri
G3: =COUNTIF(G24:G122,"<>0") -> 95 | H3: =COUNTIF(H24:H122,"<>0") -> 95 | I3: =COUNTIF(I24:I122,"<>0") -> 95 | J3: =COUNTIF(J24:J122,"<>0") -> 56 | K3: =COUNTIF(K24:K122,"<>0") -> 47 | L3: =COUNTIF(L24:L122,"<>0") -> 87 | M3: =COUNTIF(M24:M122,"<>0") -> 95 | N3: =COUNTIF(N24:N122,"<>0") -> 95 | ... AY3: =COUNTIF(AY24:AY122,"<>0") -> 93
A4: 1 | B4: AT1 | C4: Phạm Đỗ Duy Quang | D4: quang.phamdoduy | E4: Agent | F4: 0 | G4: E | H4: E | I4: E | J4: E | K4: 0 | L4: E | M4: E | N4: E | O4: E | P4: E | Q4: 0 | R4: D | S4: D | T4: D | U4: D | V4: D | W4: D | X4: D | Y4: 0 | Z4: D | AA4: D | AB4: D | AC4: D | AD4: D | AE4: D | AF4: D | AG4: 0 | AH4: D | AI4: D | AJ4: D | AK4: D | AL4: D | AM4: 0 | AN4: D | AO4: D | AP4: D | AQ4: D | AR4: D | AS4: D | AT4: D | AU4: 0 | AV4: D | AW4: D | AX4: D | AY4: D | BA4: =SUM(BC4:BG4) -> 39 | BB4: =COUNTIF($G4:$AZ4,"0") -> 6 | BC4: =COUNTIF($G4:$AZ4,BC$1) -> 0 | BD4: =COUNTIF($G4:$AZ4,BD$1) -> 0 | BE4: =COUNTIF($G4:$AZ4,BE$1) -> 0 | BF4: =COUNTIF($G4:$AZ4,BF$1) -> 30 | BG4: =COUNTIF($G4:$AZ4,BG$1) -> 9
A5: 2 | B5: AT1 | C5: Trần Gia Huy | D5: huy.tran | E5: Agent | F5: 0 | G5: E | H5: E | I5: E | J5: E | K5: 0 | L5: E | M5: E | N5: E | O5: E | P5: E | Q5: 0 | R5: D | S5: D | T5: D | U5: D | V5: D | W5: D | X5: D | Y5: 0 | Z5: D | AA5: D | AB5: D | AC5: D | AD5: D | AE5: D | AF5: D | AG5: 0 | AH5: D | AI5: D | AJ5: D | AK5: D | AL5: D | AM5: 0 | AN5: D | AO5: D | AP5: D | AQ5: D | AR5: D | AS5: D | AT5: D | AU5: 0 | AV5: D | AW5: D | AX5: D | AY5: D | BA5: =SUM(BC5:BG5) -> 39 | BB5: =COUNTIF($G5:$AZ5,"0") -> 6 | BC5: =COUNTIF($G5:$AZ5,BC$1) -> 0 | BD5: =COUNTIF($G5:$AZ5,BD$1) -> 0 | BE5: =COUNTIF($G5:$AZ5,BE$1) -> 0 | BF5: =COUNTIF($G5:$AZ5,BF$1) -> 30 | BG5: =COUNTIF($G5:$AZ5,BG$1) -> 9
A6: 3 | B6: AT1 | C6: Hoàng Lạp Kim | D6: kim.hoanglap | E6: Agent | F6: 0 | G6: E | H6: E | I6: E | J6: E | K6: 0 | L6: E | M6: E | N6: E | O6: E | P6: E | Q6: 0 | R6: D | S6: D | T6: D | U6: D | V6: D | W6: D | X6: D | Y6: 0 | Z6: D | AA6: D | AB6: D | AC6: D | AD6: D | AE6: D | AF6: D | AG6: 0 | AH6: D | AI6: D | AJ6: D | AK6: D | AL6: D | AM6: 0 | AN6: D | AO6: D | AP6: D | AQ6: D | AR6: D | AS6: D | AT6: D | AU6: 0 | AV6: D | AW6: D | AX6: D | AY6: D | BA6: =SUM(BC6:BG6) -> 39 | BB6: =COUNTIF($G6:$AZ6,"0") -> 6 | BC6: =COUNTIF($G6:$AZ6,BC$1) -> 0 | BD6: =COUNTIF($G6:$AZ6,BD$1) -> 0 | BE6: =COUNTIF($G6:$AZ6,BE$1) -> 0 | BF6: =COUNTIF($G6:$AZ6,BF$1) -> 30 | BG6: =COUNTIF($G6:$AZ6,BG$1) -> 9
A7: 4 | B7: AT1 | C7: Nguyễn Thành Nam | D7: nam.nguyenthanh | E7: Agent | F7: 0 | G7: E | H7: E | I7: E | J7: E | K7: 0 | L7: E | M7: E | N7: E | O7: E | P7: E | Q7: 0 | R7: D | S7: D | T7: D | U7: D | V7: D | W7: D | X7: D | Y7: 0 | Z7: D | AA7: D | AB7: D | AC7: D | AD7: D | AE7: D | AF7: 0 | AG7: D | AH7: D | AI7: D | AJ7: D | AK7: D | AL7: D | AM7: D | AN7: 0 | AO7: D | AP7: D | AQ7: D | AR7: D | AS7: D | AT7: 0 | AU7: D | AV7: D | AW7: D | AX7: D | AY7: D | BA7: =SUM(BC7:BG7) -> 39 | BB7: =COUNTIF($G7:$AZ7,"0") -> 6 | BC7: =COUNTIF($G7:$AZ7,BC$1) -> 0 | BD7: =COUNTIF($G7:$AZ7,BD$1) -> 0 | BE7: =COUNTIF($G7:$AZ7,BE$1) -> 0 | BF7: =COUNTIF($G7:$AZ7,BF$1) -> 30 | BG7: =COUNTIF($G7:$AZ7,BG$1) -> 9
A8: 5 | B8: AT2 | C8: Phan Trung Phong | D8: phong.phantrung | E8: Agent | F8: 0 | G8: E | H8: E | I8: E | J8: 0 | K8: D | L8: D | M8: D | N8: D | O8: D | P8: D | Q8: D | R8: 0 | S8: D | T8: D | U8: D | V8: D | W8: D | X8: D | Y8: D | Z8: 0 | AA8: D | AB8: D | AC8: D | AD8: D | AE8: D | AF8: 0 | AG8: D | AH8: D | AI8: D | AJ8: D | AK8: D | AL8: D | AM8: 0 | AN8: D | AO8: D | AP8: D | AQ8: D | AR8: D | AS8: D | AT8: D | AU8: 0 | AV8: D | AW8: D | AX8: D | AY8: D | BA8: =SUM(BC8:BG8) -> 39 | BB8: =COUNTIF($G8:$AZ8,"0") -> 6 | BC8: =COUNTIF($G8:$AZ8,BC$1) -> 0 | BD8: =COUNTIF($G8:$AZ8,BD$1) -> 0 | BE8: =COUNTIF($G8:$AZ8,BE$1) -> 0 | BF8: =COUNTIF($G8:$AZ8,BF$1) -> 36 | BG8: =COUNTIF($G8:$AZ8,BG$1) -> 3
A9: 6 | B9: AT2 | C9: Nguyễn Hoàng Thiên Ân | D9: an.nguyen | E9: Agent | F9: 0 | G9: E | H9: E | I9: E | J9: 0 | K9: D | L9: D | M9: D | N9: D | O9: D | P9: D | Q9: D | R9: 0 | S9: D | T9: D | U9: D | V9: D | W9: D | X9: D | Y9: D | Z9: 0 | AA9: D | AB9: D | AC9: D | AD9: D | AE9: D | AF9: D | AG9: 0 | AH9: D | AI9: D | AJ9: D | AK9: D | AL9: D | AM9: 0 | AN9: D | AO9: D | AP9: D | AQ9: D | AR9: D | AS9: D | AT9: 0 | AU9: D | AV9: D | AW9: D | AX9: D | AY9: D | BA9: =SUM(BC9:BG9) -> 39 | BB9: =COUNTIF($G9:$AZ9,"0") -> 6 | BC9: =COUNTIF($G9:$AZ9,BC$1) -> 0 | BD9: =COUNTIF($G9:$AZ9,BD$1) -> 0 | BE9: =COUNTIF($G9:$AZ9,BE$1) -> 0 | BF9: =COUNTIF($G9:$AZ9,BF$1) -> 36 | BG9: =COUNTIF($G9:$AZ9,BG$1) -> 3
A10: 7 | B10: AT2 | C10: Nguyễn Trung Kiên | D10: kien.nguyen | E10: Agent | F10: 0 | G10: E | H10: E | I10: E | J10: 0 | K10: D | L10: D | M10: D | N10: D | O10: D | P10: D | Q10: D | R10: 0 | S10: D | T10: D | U10: D | V10: D | W10: D | X10: D | Y10: D | Z10: 0 | AA10: D | AB10: D | AC10: D | AD10: D | AE10: D | AF10: 0 | AG10: D | AH10: D | AI10: D | AJ10: D | AK10: D | AL10: D | AM10: 0 | AN10: D | AO10: D | AP10: D | AQ10: D | AR10: D | AS10: D | AT10: 0 | AU10: D | AV10: D | AW10: D | AX10: D | AY10: D | BA10: =SUM(BC10:BG10) -> 39 | BB10: =COUNTIF($G10:$AZ10,"0") -> 6 | BC10: =COUNTIF($G10:$AZ10,BC$1) -> 0 | BD10: =COUNTIF($G10:$AZ10,BD$1) -> 0 | BE10: =COUNTIF($G10:$AZ10,BE$1) -> 0 | BF10: =COUNTIF($G10:$AZ10,BF$1) -> 36 | BG10: =COUNTIF($G10:$AZ10,BG$1) -> 3
A11: 8 | B11: AT2 | C11: Trần Trọng Tuấn | D11: tuan.tran | E11: Agent | F11: 0.25 | G11: E | H11: E | I11: E | J11: 0 | K11: D | L11: D | M11: E | N11: E | O11: E | P11: E | Q11: E | R11: 0 | S11: E | T11: E | U11: E | V11: E | W11: E | X11: E | Y11: 0 | Z11: E | AA11: E | AB11: E | AC11: E | AD11: E | AE11: E | AF11: 0 | AG11: E | AH11: E | AI11: E | AJ11: E | AK11: E | AL11: 0 | AM11: E | AN11: E | AO11: E | AP11: E | AQ11: E | AR11: E | AS11: E | AT11: 0 | AU11: E | AV11: E | AW11: E | AX11: E | AY11: E | BA11: =SUM(BC11:BG11) -> 39 | BB11: =COUNTIF($G11:$AZ11,"0") -> 6 | BC11: =COUNTIF($G11:$AZ11,BC$1) -> 0 | BD11: =COUNTIF($G11:$AZ11,BD$1) -> 0 | BE11: =COUNTIF($G11:$AZ11,BE$1) -> 0 | BF11: =COUNTIF($G11:$AZ11,BF$1) -> 2 | BG11: =COUNTIF($G11:$AZ11,BG$1) -> 37
A12: 9 | B12: AT3 | C12: Nguyễn Thị Kim Chi | D12: chi.nguyen | E12: Sr Agent | F12: 0 | G12: D | H12: D | I12: D | J12: D | K12: 0 | L12: D | M12: D | N12: D | O12: D | P12: D | Q12: D | R12: D | S12: 0 | T12: D | U12: D | V12: D | W12: D | X12: D | Y12: D | Z12: 0 | AA12: D | AB12: D | AC12: D | AD12: D | AE12: D | AF12: 0 | AG12: E | AH12: E | AI12: E | AJ12: E | AK12: E | AL12: 0 | AM12: E | AN12: E | AO12: E | AP12: E | AQ12: E | AR12: E | AS12: E | AT12: 0 | AU12: E | AV12: E | AW12: E | AX12: E | AY12: E | BA12: =SUM(BC12:BG12) -> 39 | BB12: =COUNTIF($G12:$AZ12,"0") -> 6 | BC12: =COUNTIF($G12:$AZ12,BC$1) -> 0 | BD12: =COUNTIF($G12:$AZ12,BD$1) -> 0 | BE12: =COUNTIF($G12:$AZ12,BE$1) -> 0 | BF12: =COUNTIF($G12:$AZ12,BF$1) -> 22 | BG12: =COUNTIF($G12:$AZ12,BG$1) -> 17
A13: 10 | B13: AT3 | C13: Nguyễn Trần Khai Nguyên | D13: nguyen.nguyentran | E13: Agent | F13: 0 | G13: D | H13: D | I13: D | J13: D | K13: 0 | L13: D | M13: D | N13: D | O13: D | P13: D | Q13: D | R13: D | S13: 0 | T13: D | U13: D | V13: D | W13: D | X13: D | Y13: D | Z13: 0 | AA13: D | AB13: D | AC13: D | AD13: D | AE13: D | AF13: 0 | AG13: D | AH13: D | AI13: D | AJ13: D | AK13: D | AL13: D | AM13: D | AN13: 0 | AO13: D | AP13: D | AQ13: D | AR13: D | AS13: D | AT13: 0 | AU13: D | AV13: D | AW13: D | AX13: D | AY13: D | BA13: =SUM(BC13:BG13) -> 39 | BB13: =COUNTIF($G13:$AZ13,"0") -> 6 | BC13: =COUNTIF($G13:$AZ13,BC$1) -> 0 | BD13: =COUNTIF($G13:$AZ13,BD$1) -> 0 | BE13: =COUNTIF($G13:$AZ13,BE$1) -> 0 | BF13: =COUNTIF($G13:$AZ13,BF$1) -> 39 | BG13: =COUNTIF($G13:$AZ13,BG$1) -> 0
A14: 11 | B14: AT3 | C14: Hồ Trọng Thiện | D14: thien.ht | E14: Agent | F14: 0 | G14: A | H14: A | I14: A | J14: 0 | K14: E | L14: E | M14: E | N14: E | O14: E | P14: E | Q14: 0 | R14: D | S14: D | T14: D | U14: D | V14: D | W14: D | X14: D | Y14: 0 | Z14: D | AA14: D | AB14: D | AC14: D | AD14: D | AE14: D | AF14: D | AG14: 0 | AH14: D | AI14: D | AJ14: D | AK14: D | AL14: D | AM14: D | AN14: 0 | AO14: D | AP14: D | AQ14: D | AR14: D | AS14: D | AT14: 0 | AU14: D | AV14: D | AW14: D | AX14: D | AY14: D | BA14: =SUM(BC14:BG14) -> 39 | BB14: =COUNTIF($G14:$AZ14,"0") -> 6 | BC14: =COUNTIF($G14:$AZ14,BC$1) -> 3 | BD14: =COUNTIF($G14:$AZ14,BD$1) -> 0 | BE14: =COUNTIF($G14:$AZ14,BE$1) -> 0 | BF14: =COUNTIF($G14:$AZ14,BF$1) -> 30 | BG14: =COUNTIF($G14:$AZ14,BG$1) -> 6
A15: 12 | B15: AT3 | C15: Phan Thị Trúc Linh | D15: linh.ptt | E15: Agent | F15: 0 | G15: E | H15: E | I15: E | J15: 0 | K15: D | L15: D | M15: D | N15: D | O15: D | P15: D | Q15: D | R15: 0 | S15: D | T15: D | U15: D | V15: D | W15: D | X15: D | Y15: 0 | Z15: D | AA15: D | AB15: D | AC15: D | AD15: D | AE15: D | AF15: D | AG15: 0 | AH15: D | AI15: D | AJ15: D | AK15: D | AL15: D | AM15: D | AN15: 0 | AO15: D | AP15: D | AQ15: D | AR15: D | AS15: D | AT15: 0 | AU15: D | AV15: D | AW15: D | AX15: D | AY15: D | BA15: =SUM(BC15:BG15) -> 39 | BB15: =COUNTIF($G15:$AZ15,"0") -> 6 | BC15: =COUNTIF($G15:$AZ15,BC$1) -> 0 | BD15: =COUNTIF($G15:$AZ15,BD$1) -> 0 | BE15: =COUNTIF($G15:$AZ15,BE$1) -> 0 | BF15: =COUNTIF($G15:$AZ15,BF$1) -> 36 | BG15: =COUNTIF($G15:$AZ15,BG$1) -> 3
A16: 13 | B16: AT4 | C16: Nguyễn Hoàng Phú | D16: phu.nguyenhoang | E16: Agent | F16: 0.625 | G16: D | H16: D | I16: D | J16: D | K16: D | L16: 0 | M16: C | N16: C | O16: C | P16: C | Q16: C | R16: 0 | S16: A | T16: A | U16: A | V16: A | W16: A | X16: A | Y16: A | Z16: 0 | AA16: A | AB16: A | AC16: A | AD16: A | AE16: 0 | AF16: A | AG16: A | AH16: A | AI16: A | AJ16: A | AK16: A | AL16: A | AM16: 0 | AN16: A | AO16: A | AP16: A | AQ16: A | AR16: A | AS16: 0 | AT16: A | AU16: A | AV16: A | AW16: A | AX16: A | AY16: A | BA16: =SUM(BC16:BG16) -> 39 | BB16: =COUNTIF($G16:$AZ16,"0") -> 6 | BC16: =COUNTIF($G16:$AZ16,BC$1) -> 29 | BD16: =COUNTIF($G16:$AZ16,BD$1) -> 0 | BE16: =COUNTIF($G16:$AZ16,BE$1) -> 5 | BF16: =COUNTIF($G16:$AZ16,BF$1) -> 5 | BG16: =COUNTIF($G16:$AZ16,BG$1) -> 0
A17: 14 | B17: AT4 | C17: Nguyễn Thanh Phong | D17: phong.nguyen | E17: Agent | F17: 0.625 | G17: D | H17: D | I17: D | J17: D | K17: D | L17: 0 | M17: C | N17: C | O17: C | P17: C | Q17: C | R17: 0 | S17: A | T17: A | U17: A | V17: A | W17: A | X17: A | Y17: A | Z17: 0 | AA17: A | AB17: A | AC17: A | AD17: A | AE17: 0 | AF17: A | AG17: A | AH17: A | AI17: A | AJ17: A | AK17: A | AL17: A | AM17: 0 | AN17: A | AO17: A | AP17: A | AQ17: A | AR17: A | AS17: 0 | AT17: A | AU17: A | AV17: A | AW17: A | AX17: A | AY17: A | BA17: =SUM(BC17:BG17) -> 39 | BB17: =COUNTIF($G17:$AZ17,"0") -> 6 | BC17: =COUNTIF($G17:$AZ17,BC$1) -> 29 | BD17: =COUNTIF($G17:$AZ17,BD$1) -> 0 | BE17: =COUNTIF($G17:$AZ17,BE$1) -> 5 | BF17: =COUNTIF($G17:$AZ17,BF$1) -> 5 | BG17: =COUNTIF($G17:$AZ17,BG$1) -> 0
A18: 15 | B18: AT4 | C18: Ngô Diễm Thùy | D18: thuy.ngodiem | E18: Agent | F18: 0.625 | G18: D | H18: D | I18: D | J18: D | K18: D | L18: 0 | M18: C | N18: C | O18: C | P18: C | Q18: C | R18: 0 | S18: A | T18: A | U18: A | V18: A | W18: A | X18: A | Y18: A | Z18: 0 | AA18: A | AB18: A | AC18: A | AD18: A | AE18: 0 | AF18: A | AG18: A | AH18: A | AI18: A | AJ18: A | AK18: A | AL18: A | AM18: 0 | AN18: A | AO18: A | AP18: A | AQ18: A | AR18: A | AS18: 0 | AT18: A | AU18: A | AV18: A | AW18: A | AX18: A | AY18: A | BA18: =SUM(BC18:BG18) -> 39 | BB18: =COUNTIF($G18:$AZ18,"0") -> 6 | BC18: =COUNTIF($G18:$AZ18,BC$1) -> 29 | BD18: =COUNTIF($G18:$AZ18,BD$1) -> 0 | BE18: =COUNTIF($G18:$AZ18,BE$1) -> 5 | BF18: =COUNTIF($G18:$AZ18,BF$1) -> 5 | BG18: =COUNTIF($G18:$AZ18,BG$1) -> 0
A19: 16 | B19: AT4 | C19: Nguyễn Mai Việt Tính | D19: tinh.nguyenmaiviet | E19: Agent | F19: 0.625 | G19: B | H19: B | I19: B | J19: B | K19: 0 | L19: A | M19: A | N19: A | O19: A | P19: A | Q19: A | R19: 0 | S19: A | T19: A | U19: A | V19: A | W19: A | X19: A | Y19: 0 | Z19: A | AA19: A | AB19: A | AC19: A | AD19: A | AE19: 0 | AF19: A | AG19: A | AH19: A | AI19: A | AJ19: A | AK19: A | AL19: 0 | AM19: A | AN19: A | AO19: A | AP19: A | AQ19: A | AR19: A | AS19: 0 | AT19: A | AU19: A | AV19: A | AW19: A | AX19: A | AY19: A | BA19: =SUM(BC19:BG19) -> 39 | BB19: =COUNTIF($G19:$AZ19,"0") -> 6 | BC19: =COUNTIF($G19:$AZ19,BC$1) -> 35 | BD19: =COUNTIF($G19:$AZ19,BD$1) -> 4 | BE19: =COUNTIF($G19:$AZ19,BE$1) -> 0 | BF19: =COUNTIF($G19:$AZ19,BF$1) -> 0 | BG19: =COUNTIF($G19:$AZ19,BG$1) -> 0
A20: 17 | B20: AT5 | C20: Nguyễn Bảo Thái Tú | D20: tu.nbt | E20: Agent | F20: 0.625 | G20: C | H20: C | I20: C | J20: 0 | K20: C | L20: C | M20: C | N20: C | O20: C | P20: C | Q20: 0 | R20: A | S20: A | T20: A | U20: A | V20: A | W20: A | X20: 0 | Y20: A | Z20: A | AA20: A | AB20: A | AC20: A | AD20: A | AE20: A | AF20: 0 | AG20: A | AH20: A | AI20: A | AJ20: A | AK20: A | AL20: A | AM20: A | AN20: 0 | AO20: A | AP20: A | AQ20: A | AR20: A | AS20: A | AT20: 0 | AU20: A | AV20: A | AW20: A | AX20: A | AY20: A | BA20: =SUM(BC20:BG20) -> 39 | BB20: =COUNTIF($G20:$AZ20,"0") -> 6 | BC20: =COUNTIF($G20:$AZ20,BC$1) -> 30 | BD20: =COUNTIF($G20:$AZ20,BD$1) -> 0 | BE20: =COUNTIF($G20:$AZ20,BE$1) -> 9 | BF20: =COUNTIF($G20:$AZ20,BF$1) -> 0 | BG20: =COUNTIF($G20:$AZ20,BG$1) -> 0
A21: 18 | B21: AT5 | C21: Phạm Công Danh | D21: danh.phamcong | E21: Agent | F21: 0.625 | G21: C | H21: C | I21: C | J21: 0 | K21: C | L21: C | M21: C | N21: C | O21: C | P21: C | Q21: 0 | R21: A | S21: A | T21: A | U21: A | V21: A | W21: A | X21: 0 | Y21: A | Z21: A | AA21: A | AB21: A | AC21: A | AD21: A | AE21: A | AF21: 0 | AG21: A | AH21: A | AI21: A | AJ21: A | AK21: A | AL21: A | AM21: A | AN21: 0 | AO21: A | AP21: A | AQ21: A | AR21: A | AS21: A | AT21: 0 | AU21: A | AV21: A | AW21: A | AX21: A | AY21: A | BA21: =SUM(BC21:BG21) -> 39 | BB21: =COUNTIF($G21:$AZ21,"0") -> 6 | BC21: =COUNTIF($G21:$AZ21,BC$1) -> 30 | BD21: =COUNTIF($G21:$AZ21,BD$1) -> 0 | BE21: =COUNTIF($G21:$AZ21,BE$1) -> 9 | BF21: =COUNTIF($G21:$AZ21,BF$1) -> 0 | BG21: =COUNTIF($G21:$AZ21,BG$1) -> 0
A22: 19 | B22: AT5 | C22: Trần Thanh Hà | D22: thanhha.tran | E22: Sr Agent | F22: 0.625 | G22: C | H22: C | I22: C | J22: 0 | K22: C | L22: C | M22: C | N22: C | O22: C | P22: C | Q22: 0 | R22: A | S22: A | T22: A | U22: A | V22: A | W22: A | X22: 0 | Y22: A | Z22: A | AA22: A | AB22: A | AC22: A | AD22: A | AE22: A | AF22: 0 | AG22: A | AH22: A | AI22: A | AJ22: A | AK22: A | AL22: A | AM22: A | AN22: 0 | AO22: A | AP22: A | AQ22: A | AR22: A | AS22: A | AT22: 0 | AU22: A | AV22: A | AW22: A | AX22: A | AY22: A | BA22: =SUM(BC22:BG22) -> 39 | BB22: =COUNTIF($G22:$AZ22,"0") -> 6 | BC22: =COUNTIF($G22:$AZ22,BC$1) -> 30 | BD22: =COUNTIF($G22:$AZ22,BD$1) -> 0 | BE22: =COUNTIF($G22:$AZ22,BE$1) -> 9 | BF22: =COUNTIF($G22:$AZ22,BF$1) -> 0 | BG22: =COUNTIF($G22:$AZ22,BG$1) -> 0
A23: 20 | B23: AT5 | C23: Võ Hoàng Gia Bảo | D23: bao.vo | E23: Sr Agent | F23: 0.625 | G23: C | H23: C | I23: C | J23: 0 | K23: C | L23: C | M23: C | N23: C | O23: C | P23: C | Q23: 0 | R23: A | S23: A | T23: A | U23: A | V23: A | W23: A | X23: 0 | Y23: A | Z23: A | AA23: A | AB23: A | AC23: A | AD23: A | AE23: A | AF23: 0 | AG23: A | AH23: A | AI23: A | AJ23: A | AK23: A | AL23: A | AM23: A | AN23: 0 | AO23: A | AP23: A | AQ23: A | AR23: A | AS23: A | AT23: 0 | AU23: A | AV23: A | AW23: A | AX23: A | AY23: A | BA23: =SUM(BC23:BG23) -> 39 | BB23: =COUNTIF($G23:$AZ23,"0") -> 6 | BC23: =COUNTIF($G23:$AZ23,BC$1) -> 30 | BD23: =COUNTIF($G23:$AZ23,BD$1) -> 0 | BE23: =COUNTIF($G23:$AZ23,BE$1) -> 9 | BF23: =COUNTIF($G23:$AZ23,BF$1) -> 0 | BG23: =COUNTIF($G23:$AZ23,BG$1) -> 0
A24: 21 | B24: AT6 | C24: Nguyễn Quốc Duy | D24: duy.nguyenquoc | E24: Agent | F24: 0.625 | G24: C | H24: C | I24: C | J24: C | K24: 0 | L24: B | M24: B | N24: B | O24: B | P24: B | Q24: 0 | R24: A | S24: A | T24: A | U24: A | V24: A | W24: A | X24: A | Y24: 0 | Z24: A | AA24: A | AB24: A | AC24: A | AD24: A | AE24: A | AF24: A | AG24: 0 | AH24: A | AI24: A | AJ24: A | AK24: A | AL24: A | AM24: 0 | AN24: A | AO24: A | AP24: A | AQ24: A | AR24: A | AS24: 0 | AT24: A | AU24: A | AV24: A | AW24: A | AX24: A | AY24: A | BA24: =SUM(BC24:BG24) -> 39 | BB24: =COUNTIF($G24:$AZ24,"0") -> 6 | BC24: =COUNTIF($G24:$AZ24,BC$1) -> 30 | BD24: =COUNTIF($G24:$AZ24,BD$1) -> 5 | BE24: =COUNTIF($G24:$AZ24,BE$1) -> 4 | BF24: =COUNTIF($G24:$AZ24,BF$1) -> 0 | BG24: =COUNTIF($G24:$AZ24,BG$1) -> 0
A25: 22 | B25: AT6 | C25: Trương Thị Như Ngọc | D25: ngoc.truong | E25: Agent | F25: 0.625 | G25: C | H25: C | I25: C | J25: C | K25: 0 | L25: B | M25: B | N25: B | O25: B | P25: B | Q25: 0 | R25: A | S25: A | T25: A | U25: A | V25: A | W25: A | X25: A | Y25: 0 | Z25: A | AA25: A | AB25: A | AC25: A | AD25: A | AE25: A | AF25: A | AG25: 0 | AH25: A | AI25: A | AJ25: A | AK25: A | AL25: A | AM25: 0 | AN25: A | AO25: A | AP25: A | AQ25: A | AR25: A | AS25: 0 | AT25: A | AU25: A | AV25: A | AW25: A | AX25: A | AY25: A | BA25: =SUM(BC25:BG25) -> 39 | BB25: =COUNTIF($G25:$AZ25,"0") -> 6 | BC25: =COUNTIF($G25:$AZ25,BC$1) -> 30 | BD25: =COUNTIF($G25:$AZ25,BD$1) -> 5 | BE25: =COUNTIF($G25:$AZ25,BE$1) -> 4 | BF25: =COUNTIF($G25:$AZ25,BF$1) -> 0 | BG25: =COUNTIF($G25:$AZ25,BG$1) -> 0
A26: 23 | B26: AT6 | C26: Nguyễn Thành Quang | D26: quang.nguyenthanh | E26: Agent | F26: 0.625 | G26: C | H26: C | I26: C | J26: C | K26: 0 | L26: B | M26: B | N26: B | O26: B | P26: B | Q26: 0 | R26: A | S26: A | T26: A | U26: A | V26: A | W26: A | X26: A | Y26: 0 | Z26: A | AA26: A | AB26: A | AC26: A | AD26: A | AE26: A | AF26: A | AG26: 0 | AH26: A | AI26: A | AJ26: A | AK26: A | AL26: A | AM26: 0 | AN26: A | AO26: A | AP26: A | AQ26: A | AR26: A | AS26: 0 | AT26: A | AU26: A | AV26: A | AW26: A | AX26: A | AY26: A | BA26: =SUM(BC26:BG26) -> 39 | BB26: =COUNTIF($G26:$AZ26,"0") -> 6 | BC26: =COUNTIF($G26:$AZ26,BC$1) -> 30 | BD26: =COUNTIF($G26:$AZ26,BD$1) -> 5 | BE26: =COUNTIF($G26:$AZ26,BE$1) -> 4 | BF26: =COUNTIF($G26:$AZ26,BF$1) -> 0 | BG26: =COUNTIF($G26:$AZ26,BG$1) -> 0
A27: 24 | B27: AT6 | C27: Lưu Ngọc Mai | D27: mai.luungoc | E27: Agent | F27: 0.625 | G27: C | H27: C | I27: C | J27: C | K27: 0 | L27: B | M27: B | N27: B | O27: B | P27: B | Q27: 0 | R27: A | S27: A | T27: A | U27: A | V27: A | W27: A | X27: A | Y27: 0 | Z27: A | AA27: A | AB27: A | AC27: A | AD27: A | AE27: 0 | AF27: A | AG27: A | AH27: A | AI27: A | AJ27: A | AK27: A | AL27: A | AM27: 0 | AN27: A | AO27: A | AP27: A | AQ27: A | AR27: A | AS27: A | AT27: A | AU27: 0 | AV27: A | AW27: A | AX27: A | AY27: A | BA27: =SUM(BC27:BG27) -> 39 | BB27: =COUNTIF($G27:$AZ27,"0") -> 6 | BC27: =COUNTIF($G27:$AZ27,BC$1) -> 30 | BD27: =COUNTIF($G27:$AZ27,BD$1) -> 5 | BE27: =COUNTIF($G27:$AZ27,BE$1) -> 4 | BF27: =COUNTIF($G27:$AZ27,BF$1) -> 0 | BG27: =COUNTIF($G27:$AZ27,BG$1) -> 0
A28: 25 | B28: AT7 | C28: Lê Khương Duy | D28: duy.le | E28: Agent | F28: 0.375 | G28: B | H28: B | I28: B | J28: 0 | K28: B | L28: B | M28: B | N28: B | O28: B | P28: B | Q28: B | R28: 0 | S28: E | T28: E | U28: E | V28: E | W28: E | X28: E | Y28: 0 | Z28: E | AA28: E | AB28: E | AC28: E | AD28: D | AE28: 0 | AF28: D | AG28: D | AH28: D | AI28: D | AJ28: D | AK28: D | AL28: 0 | AM28: D | AN28: D | AO28: D | AP28: D | AQ28: D | AR28: D | AS28: D | AT28: 0 | AU28: D | AV28: D | AW28: D | AX28: D | AY28: D | BA28: =SUM(BC28:BG28) -> 39 | BB28: =COUNTIF($G28:$AZ28,"0") -> 6 | BC28: =COUNTIF($G28:$AZ28,BC$1) -> 0 | BD28: =COUNTIF($G28:$AZ28,BD$1) -> 10 | BE28: =COUNTIF($G28:$AZ28,BE$1) -> 0 | BF28: =COUNTIF($G28:$AZ28,BF$1) -> 19 | BG28: =COUNTIF($G28:$AZ28,BG$1) -> 10
A29: 26 | B29: AT7 | C29: Trần Hà Phương Uyên | D29: uyen.tran | E29: Agent | F29: 0.375 | G29: B | H29: B | I29: B | J29: 0 | K29: B | L29: B | M29: B | N29: B | O29: B | P29: B | Q29: B | R29: 0 | S29: E | T29: E | U29: E | V29: E | W29: E | X29: 0 | Y29: E | Z29: E | AA29: E | AB29: E | AC29: A | AD29: A | AE29: 0 | AF29: A | AG29: A | AH29: A | AI29: A | AJ29: A | AK29: A | AL29: 0 | AM29: A | AN29: A | AO29: A | AP29: A | AQ29: A | AR29: A | AS29: A | AT29: 0 | AU29: A | AV29: A | AW29: A | AX29: A | AY29: A | BA29: =SUM(BC29:BG29) -> 39 | BB29: =COUNTIF($G29:$AZ29,"0") -> 6 | BC29: =COUNTIF($G29:$AZ29,BC$1) -> 20 | BD29: =COUNTIF($G29:$AZ29,BD$1) -> 10 | BE29: =COUNTIF($G29:$AZ29,BE$1) -> 0 | BF29: =COUNTIF($G29:$AZ29,BF$1) -> 0 | BG29: =COUNTIF($G29:$AZ29,BG$1) -> 9
A30: 27 | B30: AT7 | C30: Vũ Đình Nguyễn | D30: nguyen.vudinh | E30: Agent | F30: 0.25 | G30: B | H30: B | I30: B | J30: 0 | K30: B | L30: B | M30: B | N30: B | O30: B | P30: B | Q30: B | R30: 0 | S30: E | T30: E | U30: E | V30: E | W30: E | X30: E | Y30: 0 | Z30: E | AA30: E | AB30: E | AC30: E | AD30: E | AE30: 0 | AF30: E | AG30: E | AH30: E | AI30: E | AJ30: E | AK30: E | AL30: E | AM30: 0 | AN30: E | AO30: E | AP30: E | AQ30: E | AR30: E | AS30: 0 | AT30: E | AU30: E | AV30: E | AW30: E | AX30: E | AY30: E | BA30: =SUM(BC30:BG30) -> 39 | BB30: =COUNTIF($G30:$AZ30,"0") -> 6 | BC30: =COUNTIF($G30:$AZ30,BC$1) -> 0 | BD30: =COUNTIF($G30:$AZ30,BD$1) -> 10 | BE30: =COUNTIF($G30:$AZ30,BE$1) -> 0 | BF30: =COUNTIF($G30:$AZ30,BF$1) -> 0 | BG30: =COUNTIF($G30:$AZ30,BG$1) -> 29
A31: 28 | B31: AT7 | C31: Ngô Minh Đức | D31: duc.ngominh | E31: Agent | F31: 0.25 | G31: B | H31: B | I31: B | J31: 0 | K31: B | L31: B | M31: B | N31: B | O31: B | P31: B | Q31: B | R31: 0 | S31: E | T31: E | U31: E | V31: E | W31: E | X31: E | Y31: 0 | Z31: E | AA31: E | AB31: E | AC31: E | AD31: E | AE31: 0 | AF31: E | AG31: E | AH31: E | AI31: E | AJ31: E | AK31: E | AL31: E | AM31: 0 | AN31: E | AO31: E | AP31: E | AQ31: E | AR31: E | AS31: 0 | AT31: E | AU31: E | AV31: E | AW31: E | AX31: E | AY31: E | BA31: =SUM(BC31:BG31) -> 39 | BB31: =COUNTIF($G31:$AZ31,"0") -> 6 | BC31: =COUNTIF($G31:$AZ31,BC$1) -> 0 | BD31: =COUNTIF($G31:$AZ31,BD$1) -> 10 | BE31: =COUNTIF($G31:$AZ31,BE$1) -> 0 | BF31: =COUNTIF($G31:$AZ31,BF$1) -> 0 | BG31: =COUNTIF($G31:$AZ31,BG$1) -> 29
A32: 29 | B32: AT8 | C32: Phan Hoàng Chin Na | D32: na.phc | E32: Agent | F32: 0.25 | G32: C | H32: C | I32: C | J32: C | K32: 0 | L32: B | M32: B | N32: B | O32: B | P32: B | Q32: 0 | R32: E | S32: E | T32: E | U32: E | V32: E | W32: E | X32: 0 | Y32: E | Z32: E | AA32: E | AB32: E | AC32: E | AD32: D | AE32: D | AF32: 0 | AG32: D | AH32: D | AI32: D | AJ32: D | AK32: D | AL32: D | AM32: D | AN32: 0 | AO32: D | AP32: D | AQ32: D | AR32: D | AS32: D | AT32: 0 | AU32: D | AV32: D | AW32: D | AX32: D | AY32: D | BA32: =SUM(BC32:BG32) -> 39 | BB32: =COUNTIF($G32:$AZ32,"0") -> 6 | BC32: =COUNTIF($G32:$AZ32,BC$1) -> 0 | BD32: =COUNTIF($G32:$AZ32,BD$1) -> 5 | BE32: =COUNTIF($G32:$AZ32,BE$1) -> 4 | BF32: =COUNTIF($G32:$AZ32,BF$1) -> 19 | BG32: =COUNTIF($G32:$AZ32,BG$1) -> 11
A33: 30 | B33: AT8 | C33: Trần Đình Tú | D33: dinhtu.tran | E33: Agent | F33: 0.375 | G33: B | H33: B | I33: B | J33: B | K33: 0 | L33: A | M33: A | N33: A | O33: A | P33: A | Q33: 0 | R33: E | S33: E | T33: E | U33: E | V33: E | W33: E | X33: 0 | Y33: E | Z33: E | AA33: E | AB33: E | AC33: A | AD33: A | AE33: A | AF33: 0 | AG33: A | AH33: A | AI33: A | AJ33: A | AK33: A | AL33: A | AM33: 0 | AN33: A | AO33: A | AP33: A | AQ33: A | AR33: A | AS33: A | AT33: A | AU33: 0 | AV33: A | AW33: A | AX33: A | AY33: A | BA33: =SUM(BC33:BG33) -> 39 | BB33: =COUNTIF($G33:$AZ33,"0") -> 6 | BC33: =COUNTIF($G33:$AZ33,BC$1) -> 25 | BD33: =COUNTIF($G33:$AZ33,BD$1) -> 4 | BE33: =COUNTIF($G33:$AZ33,BE$1) -> 0 | BF33: =COUNTIF($G33:$AZ33,BF$1) -> 0 | BG33: =COUNTIF($G33:$AZ33,BG$1) -> 10
A34: 31 | B34: AT8 | C34: Đỗ Lê Quốc Thành | D34: thanh.dlq | E34: Agent | F34: 0.25 | G34: B | H34: B | I34: B | J34: B | K34: 0 | L34: A | M34: A | N34: A | O34: A | P34: A | Q34: 0 | R34: E | S34: E | T34: E | U34: E | V34: E | W34: E | X34: 0 | Y34: E | Z34: E | AA34: E | AB34: E | AC34: A | AD34: A | AE34: 0 | AF34: A | AG34: A | AH34: A | AI34: A | AJ34: A | AK34: A | AL34: 0 | AM34: A | AN34: A | AO34: A | AP34: A | AQ34: A | AR34: A | AS34: A | AT34: 0 | AU34: A | AV34: A | AW34: A | AX34: A | AY34: A | BA34: =SUM(BC34:BG34) -> 39 | BB34: =COUNTIF($G34:$AZ34,"0") -> 6 | BC34: =COUNTIF($G34:$AZ34,BC$1) -> 25 | BD34: =COUNTIF($G34:$AZ34,BD$1) -> 4 | BE34: =COUNTIF($G34:$AZ34,BE$1) -> 0 | BF34: =COUNTIF($G34:$AZ34,BF$1) -> 0 | BG34: =COUNTIF($G34:$AZ34,BG$1) -> 10
A35: 32 | B35: AT8 | C35: Nguyễn Khánh Duy | D35: duy.nk | E35: Agent | F35: 0.25 | G35: B | H35: B | I35: B | J35: B | K35: 0 | L35: A | M35: A | N35: A | O35: A | P35: A | Q35: 0 | R35: E | S35: E | T35: E | U35: E | V35: E | W35: E | X35: 0 | Y35: E | Z35: E | AA35: E | AB35: E | AC35: E | AD35: D | AE35: D | AF35: 0 | AG35: D | AH35: D | AI35: D | AJ35: D | AK35: D | AL35: D | AM35: 0 | AN35: D | AO35: D | AP35: D | AQ35: D | AR35: D | AS35: D | AT35: D | AU35: 0 | AV35: D | AW35: D | AX35: D | AY35: D | BA35: =SUM(BC35:BG35) -> 39 | BB35: =COUNTIF($G35:$AZ35,"0") -> 6 | BC35: =COUNTIF($G35:$AZ35,BC$1) -> 5 | BD35: =COUNTIF($G35:$AZ35,BD$1) -> 4 | BE35: =COUNTIF($G35:$AZ35,BE$1) -> 0 | BF35: =COUNTIF($G35:$AZ35,BF$1) -> 19 | BG35: =COUNTIF($G35:$AZ35,BG$1) -> 11
A36: 33 | B36: AT9 | C36: Võ Tuấn Vĩ | D36: vi.votuan | E36: Agent | F36: 0.25 | G36: A | H36: A | I36: A | J36: 0 | K36: A | L36: A | M36: A | N36: A | O36: A | P36: A | Q36: A | R36: 0 | S36: E | T36: E | U36: E | V36: E | W36: E | X36: E | Y36: 0 | Z36: E | AA36: E | AB36: E | AC36: E | AD36: D | AE36: 0 | AF36: D | AG36: D | AH36: D | AI36: D | AJ36: D | AK36: D | AL36: D | AM36: 0 | AN36: D | AO36: D | AP36: D | AQ36: D | AR36: D | AS36: D | AT36: D | AU36: 0 | AV36: D | AW36: D | AX36: D | AY36: D | BA36: =SUM(BC36:BG36) -> 39 | BB36: =COUNTIF($G36:$AZ36,"0") -> 6 | BC36: =COUNTIF($G36:$AZ36,BC$1) -> 10 | BD36: =COUNTIF($G36:$AZ36,BD$1) -> 0 | BE36: =COUNTIF($G36:$AZ36,BE$1) -> 0 | BF36: =COUNTIF($G36:$AZ36,BF$1) -> 19 | BG36: =COUNTIF($G36:$AZ36,BG$1) -> 10
A37: 34 | B37: AT9 | C37: Nguyễn Hữu Thọ | D37: tho.nh | E37: Agent | F37: 0.375 | G37: A | H37: A | I37: A | J37: 0 | K37: A | L37: A | M37: A | N37: A | O37: A | P37: A | Q37: A | R37: 0 | S37: E | T37: E | U37: E | V37: E | W37: E | X37: E | Y37: 0 | Z37: E | AA37: E | AB37: E | AC37: E | AD37: D | AE37: D | AF37: 0 | AG37: D | AH37: D | AI37: D | AJ37: D | AK37: D | AL37: D | AM37: 0 | AN37: D | AO37: D | AP37: D | AQ37: D | AR37: D | AS37: 0 | AT37: D | AU37: D | AV37: D | AW37: D | AX37: D | AY37: D | BA37: =SUM(BC37:BG37) -> 39 | BB37: =COUNTIF($G37:$AZ37,"0") -> 6 | BC37: =COUNTIF($G37:$AZ37,BC$1) -> 10 | BD37: =COUNTIF($G37:$AZ37,BD$1) -> 0 | BE37: =COUNTIF($G37:$AZ37,BE$1) -> 0 | BF37: =COUNTIF($G37:$AZ37,BF$1) -> 19 | BG37: =COUNTIF($G37:$AZ37,BG$1) -> 10
A38: 35 | B38: AT9 | C38: Nhâm Bổn Tường | D38: tuong.nhambon | E38: Agent | F38: 0.375 | G38: A | H38: A | I38: A | J38: 0 | K38: A | L38: A | M38: A | N38: A | O38: A | P38: A | Q38: A | R38: 0 | S38: E | T38: E | U38: E | V38: E | W38: E | X38: E | Y38: 0 | Z38: E | AA38: E | AB38: E | AC38: A | AD38: A | AE38: 0 | AF38: A | AG38: A | AH38: A | AI38: A | AJ38: A | AK38: A | AL38: 0 | AM38: A | AN38: A | AO38: A | AP38: A | AQ38: A | AR38: A | AS38: A | AT38: 0 | AU38: A | AV38: A | AW38: A | AX38: A | AY38: A | BA38: =SUM(BC38:BG38) -> 39 | BB38: =COUNTIF($G38:$AZ38,"0") -> 6 | BC38: =COUNTIF($G38:$AZ38,BC$1) -> 30 | BD38: =COUNTIF($G38:$AZ38,BD$1) -> 0 | BE38: =COUNTIF($G38:$AZ38,BE$1) -> 0 | BF38: =COUNTIF($G38:$AZ38,BF$1) -> 0 | BG38: =COUNTIF($G38:$AZ38,BG$1) -> 9
A39: 36 | B39: AT9 | C39: Nguyễn Phương Nam | D39: nam.np | E39: Agent | F39: 0.375 | G39: A | H39: A | I39: A | J39: 0 | K39: A | L39: A | M39: A | N39: A | O39: A | P39: A | Q39: A | R39: 0 | S39: E | T39: E | U39: E | V39: E | W39: E | X39: E | Y39: 0 | Z39: E | AA39: E | AB39: E | AC39: E | AD39: D | AE39: D | AF39: 0 | AG39: D | AH39: D | AI39: D | AJ39: D | AK39: D | AL39: 0 | AM39: D | AN39: D | AO39: D | AP39: D | AQ39: D | AR39: D | AS39: 0 | AT39: D | AU39: D | AV39: D | AW39: D | AX39: D | AY39: D | BA39: =SUM(BC39:BG39) -> 39 | BB39: =COUNTIF($G39:$AZ39,"0") -> 6 | BC39: =COUNTIF($G39:$AZ39,BC$1) -> 10 | BD39: =COUNTIF($G39:$AZ39,BD$1) -> 0 | BE39: =COUNTIF($G39:$AZ39,BE$1) -> 0 | BF39: =COUNTIF($G39:$AZ39,BF$1) -> 19 | BG39: =COUNTIF($G39:$AZ39,BG$1) -> 10
A40: 37 | B40: AT10 | C40: Nguyễn Đặng Ngọc Giàu | D40: giau.nguyen | E40: Sr Agent | F40: 0.375 | G40: A | H40: A | I40: A | J40: A | K40: 0 | L40: A | M40: A | N40: A | O40: A | P40: A | Q40: 0 | R40: E | S40: E | T40: E | U40: E | V40: E | W40: E | X40: 0 | Y40: E | Z40: E | AA40: E | AB40: E | AC40: A | AD40: A | AE40: A | AF40: 0 | AG40: A | AH40: A | AI40: A | AJ40: A | AK40: A | AL40: A | AM40: 0 | AN40: A | AO40: A | AP40: A | AQ40: A | AR40: A | AS40: A | AT40: 0 | AU40: A | AV40: A | AW40: A | AX40: A | AY40: A | BA40: =SUM(BC40:BG40) -> 39 | BB40: =COUNTIF($G40:$AZ40,"0") -> 6 | BC40: =COUNTIF($G40:$AZ40,BC$1) -> 29 | BD40: =COUNTIF($G40:$AZ40,BD$1) -> 0 | BE40: =COUNTIF($G40:$AZ40,BE$1) -> 0 | BF40: =COUNTIF($G40:$AZ40,BF$1) -> 0 | BG40: =COUNTIF($G40:$AZ40,BG$1) -> 10
A41: 38 | B41: AT10 | C41: Phạm Sỹ Thái | D41: thai.ps | E41: Agent | F41: 0.25 | G41: A | H41: A | I41: A | J41: A | K41: 0 | L41: A | M41: A | N41: A | O41: A | P41: A | Q41: 0 | R41: E | S41: E | T41: E | U41: E | V41: E | W41: E | X41: 0 | Y41: E | Z41: E | AA41: E | AB41: E | AC41: E | AD41: D | AE41: D | AF41: 0 | AG41: D | AH41: D | AI41: D | AJ41: D | AK41: D | AL41: 0 | AM41: D | AN41: D | AO41: D | AP41: D | AQ41: D | AR41: D | AS41: 0 | AT41: D | AU41: D | AV41: D | AW41: D | AX41: D | AY41: D | BA41: =SUM(BC41:BG41) -> 39 | BB41: =COUNTIF($G41:$AZ41,"0") -> 6 | BC41: =COUNTIF($G41:$AZ41,BC$1) -> 9 | BD41: =COUNTIF($G41:$AZ41,BD$1) -> 0 | BE41: =COUNTIF($G41:$AZ41,BE$1) -> 0 | BF41: =COUNTIF($G41:$AZ41,BF$1) -> 19 | BG41: =COUNTIF($G41:$AZ41,BG$1) -> 11
A42: 40 | B42: AT10 | C42: Lê Huỳnh Minh Anh | D42: anh.le | E42: Agent | F42: 0.375 | G42: A | H42: A | I42: A | J42: A | K42: 0 | L42: A | M42: A | N42: A | O42: A | P42: A | Q42: 0 | R42: E | S42: E | T42: E | U42: E | V42: E | W42: E | X42: 0 | Y42: E | Z42: E | AA42: E | AB42: E | AC42: E | AD42: D | AE42: D | AF42: 0 | AG42: D | AH42: D | AI42: D | AJ42: D | AK42: D | AL42: 0 | AM42: D | AN42: D | AO42: D | AP42: D | AQ42: D | AR42: D | AS42: 0 | AT42: D | AU42: D | AV42: D | AW42: D | AX42: D | AY42: D | BA42: =SUM(BC42:BG42) -> 39 | BB42: =COUNTIF($G42:$AZ42,"0") -> 6 | BC42: =COUNTIF($G42:$AZ42,BC$1) -> 9 | BD42: =COUNTIF($G42:$AZ42,BD$1) -> 0 | BE42: =COUNTIF($G42:$AZ42,BE$1) -> 0 | BF42: =COUNTIF($G42:$AZ42,BF$1) -> 19 | BG42: =COUNTIF($G42:$AZ42,BG$1) -> 11
A43: 41 | B43: AT11 | C43: Lê Công Triết | D43: triet.le | E43: Agent | F43: 0.375 | G43: A | H43: A | I43: A | J43: 0 | K43: E | L43: E | M43: E | N43: E | O43: E | P43: E | Q43: E | R43: 0 | S43: E | T43: E | U43: E | V43: E | W43: E | X43: E | Y43: 0 | Z43: E | AA43: E | AB43: E | AC43: A | AD43: A | AE43: 0 | AF43: A | AG43: A | AH43: A | AI43: A | AJ43: A | AK43: A | AL43: 0 | AM43: A | AN43: A | AO43: A | AP43: A | AQ43: A | AR43: A | AS43: 0 | AT43: A | AU43: A | AV43: A | AW43: A | AX43: A | AY43: A | BA43: =SUM(BC43:BG43) -> 39 | BB43: =COUNTIF($G43:$AZ43,"0") -> 6 | BC43: =COUNTIF($G43:$AZ43,BC$1) -> 23 | BD43: =COUNTIF($G43:$AZ43,BD$1) -> 0 | BE43: =COUNTIF($G43:$AZ43,BE$1) -> 0 | BF43: =COUNTIF($G43:$AZ43,BF$1) -> 0 | BG43: =COUNTIF($G43:$AZ43,BG$1) -> 16
A44: 42 | B44: AT11 | C44: Nguyễn Đình Nam | D44: nam.nguyendinh | E44: Agent | F44: 0.25 | G44: A | H44: A | I44: A | J44: 0 | K44: E | L44: E | M44: E | N44: E | O44: E | P44: E | Q44: E | R44: 0 | S44: E | T44: E | U44: E | V44: E | W44: E | X44: E | Y44: 0 | Z44: E | AA44: E | AB44: E | AC44: E | AD44: E | AE44: 0 | AF44: E | AG44: E | AH44: E | AI44: E | AJ44: E | AK44: E | AL44: E | AM44: 0 | AN44: E | AO44: E | AP44: E | AQ44: E | AR44: E | AS44: 0 | AT44: E | AU44: E | AV44: E | AW44: E | AX44: E | AY44: E | BA44: =SUM(BC44:BG44) -> 39 | BB44: =COUNTIF($G44:$AZ44,"0") -> 6 | BC44: =COUNTIF($G44:$AZ44,BC$1) -> 3 | BD44: =COUNTIF($G44:$AZ44,BD$1) -> 0 | BE44: =COUNTIF($G44:$AZ44,BE$1) -> 0 | BF44: =COUNTIF($G44:$AZ44,BF$1) -> 0 | BG44: =COUNTIF($G44:$AZ44,BG$1) -> 36
A45: 43 | B45: AT11 | C45: Bùi Lập Duy | D45: duy.bui | E45: Agent | F45: 0.375 | G45: A | H45: A | I45: A | J45: 0 | K45: E | L45: E | M45: E | N45: E | O45: E | P45: E | Q45: E | R45: 0 | S45: E | T45: E | U45: E | V45: E | W45: E | X45: E | Y45: 0 | Z45: E | AA45: E | AB45: E | AC45: A | AD45: A | AE45: 0 | AF45: D | AG45: D | AH45: D | AI45: D | AJ45: D | AK45: D | AL45: D | AM45: 0 | AN45: D | AO45: D | AP45: D | AQ45: D | AR45: D | AS45: D | AT45: D | AU45: 0 | AV45: D | AW45: D | AX45: D | AY45: D | BA45: =SUM(BC45:BG45) -> 39 | BB45: =COUNTIF($G45:$AZ45,"0") -> 6 | BC45: =COUNTIF($G45:$AZ45,BC$1) -> 5 | BD45: =COUNTIF($G45:$AZ45,BD$1) -> 0 | BE45: =COUNTIF($G45:$AZ45,BE$1) -> 0 | BF45: =COUNTIF($G45:$AZ45,BF$1) -> 18 | BG45: =COUNTIF($G45:$AZ45,BG$1) -> 16
A46: 44 | B46: AT11 | C46: Phạm Thị Hiền | D46: hien.phamthi | E46: Agent | F46: 0.25 | G46: E | H46: E | I46: E | J46: E | K46: 0 | L46: E | M46: E | N46: E | O46: E | P46: E | Q46: 0 | R46: E | S46: E | T46: E | U46: E | V46: E | W46: E | X46: E | Y46: 0 | Z46: E | AA46: E | AB46: E | AC46: E | AD46: E | AE46: 0 | AF46: E | AG46: E | AH46: E | AI46: E | AJ46: E | AK46: E | AL46: E | AM46: 0 | AN46: E | AO46: E | AP46: E | AQ46: E | AR46: E | AS46: 0 | AT46: E | AU46: E | AV46: E | AW46: E | AX46: E | AY46: E | BA46: =SUM(BC46:BG46) -> 39 | BB46: =COUNTIF($G46:$AZ46,"0") -> 6 | BC46: =COUNTIF($G46:$AZ46,BC$1) -> 0 | BD46: =COUNTIF($G46:$AZ46,BD$1) -> 0 | BE46: =COUNTIF($G46:$AZ46,BE$1) -> 0 | BF46: =COUNTIF($G46:$AZ46,BF$1) -> 0 | BG46: =COUNTIF($G46:$AZ46,BG$1) -> 39
A47: 45 | B47: AT12 | C47: Huỳnh Thị Thanh Huyền | D47: huyen.huynh | E47: Agent | F47: 0.25 | G47: B | H47: B | I47: B | J47: B | K47: 0 | L47: A | M47: A | N47: A | O47: A | P47: A | Q47: A | R47: 0 | S47: E | T47: E | U47: E | V47: E | W47: E | X47: E | Y47: 0 | Z47: E | AA47: E | AB47: E | AC47: E | AD47: E | AE47: E | AF47: 0 | AG47: E | AH47: E | AI47: E | AJ47: E | AK47: E | AL47: 0 | AM47: E | AN47: E | AO47: E | AP47: E | AQ47: E | AR47: E | AS47: E | AT47: 0 | AU47: E | AV47: E | AW47: E | AX47: E | AY47: E | BA47: =SUM(BC47:BG47) -> 39 | BB47: =COUNTIF($G47:$AZ47,"0") -> 6 | BC47: =COUNTIF($G47:$AZ47,BC$1) -> 6 | BD47: =COUNTIF($G47:$AZ47,BD$1) -> 4 | BE47: =COUNTIF($G47:$AZ47,BE$1) -> 0 | BF47: =COUNTIF($G47:$AZ47,BF$1) -> 0 | BG47: =COUNTIF($G47:$AZ47,BG$1) -> 29
A48: 46 | B48: AT12 | C48: Ngô Thục Oanh | D48: oanh.ngo | E48: Agent | F48: 0.375 | G48: B | H48: B | I48: B | J48: 0 | K48: E | L48: E | M48: E | N48: E | O48: E | P48: E | Q48: 0 | R48: E | S48: E | T48: E | U48: E | V48: E | W48: E | X48: 0 | Y48: E | Z48: E | AA48: E | AB48: E | AC48: E | AD48: E | AE48: 0 | AF48: E | AG48: E | AH48: E | AI48: E | AJ48: E | AK48: E | AL48: 0 | AM48: E | AN48: E | AO48: E | AP48: E | AQ48: E | AR48: E | AS48: E | AT48: 0 | AU48: E | AV48: E | AW48: E | AX48: E | AY48: E | BA48: =SUM(BC48:BG48) -> 39 | BB48: =COUNTIF($G48:$AZ48,"0") -> 6 | BC48: =COUNTIF($G48:$AZ48,BC$1) -> 0 | BD48: =COUNTIF($G48:$AZ48,BD$1) -> 3 | BE48: =COUNTIF($G48:$AZ48,BE$1) -> 0 | BF48: =COUNTIF($G48:$AZ48,BF$1) -> 0 | BG48: =COUNTIF($G48:$AZ48,BG$1) -> 36
A49: 47 | B49: AT12 | C49: Nguyễn Thị Phương Anh | D49: anh.nguyen | E49: Agent | F49: 0.25 | G49: D | H49: D | I49: D | J49: D | K49: 0 | L49: E | M49: E | N49: E | O49: E | P49: E | Q49: E | R49: 0 | S49: E | T49: E | U49: E | V49: E | W49: E | X49: 0 | Y49: E | Z49: E | AA49: E | AB49: E | AC49: E | AD49: A | AE49: A | AF49: 0 | AG49: A | AH49: A | AI49: A | AJ49: A | AK49: A | AL49: A | AM49: 0 | AN49: A | AO49: A | AP49: A | AQ49: A | AR49: A | AS49: A | AT49: 0 | AU49: A | AV49: A | AW49: A | AX49: A | AY49: A | BA49: =SUM(BC49:BG49) -> 39 | BB49: =COUNTIF($G49:$AZ49,"0") -> 6 | BC49: =COUNTIF($G49:$AZ49,BC$1) -> 19 | BD49: =COUNTIF($G49:$AZ49,BD$1) -> 0 | BE49: =COUNTIF($G49:$AZ49,BE$1) -> 0 | BF49: =COUNTIF($G49:$AZ49,BF$1) -> 4 | BG49: =COUNTIF($G49:$AZ49,BG$1) -> 16
A50: 48 | B50: AT12 | C50: Nguyễn Ngọc Thương Thảo | D50: thao.nguyen | E50: Sr Agent | F50: 0.375 | G50: E | H50: E | I50: E | J50: 0 | K50: E | L50: E | M50: E | N50: E | O50: E | P50: E | Q50: 0 | R50: E | S50: E | T50: E | U50: E | V50: E | W50: E | X50: 0 | Y50: E | Z50: E | AA50: E | AB50: E | AC50: E | AD50: E | AE50: E | AF50: 0 | AG50: E | AH50: E | AI50: E | AJ50: E | AK50: E | AL50: E | AM50: 0 | AN50: E | AO50: E | AP50: E | AQ50: E | AR50: E | AS50: E | AT50: 0 | AU50: E | AV50: E | AW50: E | AX50: E | AY50: E | BA50: =SUM(BC50:BG50) -> 39 | BB50: =COUNTIF($G50:$AZ50,"0") -> 6 | BC50: =COUNTIF($G50:$AZ50,BC$1) -> 0 | BD50: =COUNTIF($G50:$AZ50,BD$1) -> 0 | BE50: =COUNTIF($G50:$AZ50,BE$1) -> 0 | BF50: =COUNTIF($G50:$AZ50,BF$1) -> 0 | BG50: =COUNTIF($G50:$AZ50,BG$1) -> 39
A51: 39 | B51: AT10 | C51: Trương Tấn Thành Trung Hiếu | D51: hieu.truong | E51: Agent | F51: 0.25 | G51: A | H51: A | I51: A | J51: A | K51: 0 | L51: A | M51: A | N51: A | O51: A | P51: A | Q51: 0 | R51: E | S51: E | T51: E | U51: E | V51: E | W51: E | BA51: =SUM(BC51:BG51) -> 15 | BB51: =COUNTIF($G51:$AZ51,"0") -> 2 | BC51: =COUNTIF($G51:$AZ51,BC$1) -> 9 | BD51: =COUNTIF($G51:$AZ51,BD$1) -> 0 | BE51: =COUNTIF($G51:$AZ51,BE$1) -> 0 | BF51: =COUNTIF($G51:$AZ51,BF$1) -> 0 | BG51: =COUNTIF($G51:$AZ51,BG$1) -> 6
BA52: =SUM(BC52:BG52) -> 0 | BB52: =COUNTIF($G52:$AZ52,"0") -> 0 | BC52: =COUNTIF($G52:$AZ52,BC$1) -> 0 | BD52: =COUNTIF($G52:$AZ52,BD$1) -> 0 | BE52: =COUNTIF($G52:$AZ52,BE$1) -> 0 | BF52: =COUNTIF($G52:$AZ52,BF$1) -> 0 | BG52: =COUNTIF($G52:$AZ52,BG$1) -> 0
A53: 49 | B53: QA1 | C53: Phan Xuân Thịnh | D53: thinh.phanxuan | E53: QA | F53: 0 | G53: E | H53: E | I53: E | J53: E | K53: 0 | L53: D | M53: D | N53: D | O53: D | P53: D | Q53: D | R53: 0 | S53: D | T53: D | U53: D | V53: D | W53: D | X53: D | Y53: 0 | Z53: D | AA53: D | AB53: D | AC53: D | AD53: D | AE53: D | AF53: D | AG53: 0 | AH53: D | AI53: D | AJ53: D | AK53: D | AL53: D | AM53: D | AN53: 0 | AO53: D | AP53: D | AQ53: D | AR53: D | AS53: D | AT53: 0 | AU53: D | AV53: D | AW53: D | AX53: D | AY53: D | BA53: =SUM(BC53:BG53) -> 39 | BB53: =COUNTIF($G53:$AZ53,"0") -> 6 | BC53: =COUNTIF($G53:$AZ53,BC$1) -> 0 | BD53: =COUNTIF($G53:$AZ53,BD$1) -> 0 | BE53: =COUNTIF($G53:$AZ53,BE$1) -> 0 | BF53: =COUNTIF($G53:$AZ53,BF$1) -> 35 | BG53: =COUNTIF($G53:$AZ53,BG$1) -> 4
A54: 50 | B54: QA1 | C54: Phạm Hà Duy Tân | D54: tan.pham | E54: QA | F54: 0 | G54: E | H54: E | I54: E | J54: 0 | K54: D | L54: D | M54: D | N54: D | O54: D | P54: D | Q54: D | R54: 0 | S54: D | T54: D | U54: D | V54: D | W54: D | X54: 0 | Y54: D | Z54: D | AA54: D | AB54: D | AC54: D | AD54: D | AE54: 0 | AF54: A | AG54: A | AH54: A | AI54: A | AJ54: A | AK54: A | AL54: 0 | AM54: A | AN54: A | AO54: A | AP54: A | AQ54: A | AR54: A | AS54: 0 | AT54: A | AU54: A | AV54: A | AW54: A | AX54: A | AY54: A | BA54: =SUM(BC54:BG54) -> 39 | BB54: =COUNTIF($G54:$AZ54,"0") -> 6 | BC54: =COUNTIF($G54:$AZ54,BC$1) -> 18 | BD54: =COUNTIF($G54:$AZ54,BD$1) -> 0 | BE54: =COUNTIF($G54:$AZ54,BE$1) -> 0 | BF54: =COUNTIF($G54:$AZ54,BF$1) -> 18 | BG54: =COUNTIF($G54:$AZ54,BG$1) -> 3
A55: 51 | B55: QA1 | C55: Cao Chí Hải | D55: hai.cao | E55: QA | F55: 0 | G55: E | H55: E | I55: E | J55: 0 | K55: D | L55: D | M55: D | N55: D | O55: D | P55: D | Q55: D | R55: 0 | S55: D | T55: D | U55: D | V55: D | W55: D | X55: D | Y55: 0 | Z55: D | AA55: D | AB55: D | AC55: D | AD55: D | AE55: D | AF55: D | AG55: 0 | AH55: D | AI55: D | AJ55: D | AK55: D | AL55: 0 | AM55: D | AN55: D | AO55: D | AP55: D | AQ55: D | AR55: D | AS55: D | AT55: 0 | AU55: D | AV55: D | AW55: D | AX55: D | AY55: D | BA55: =SUM(BC55:BG55) -> 39 | BB55: =COUNTIF($G55:$AZ55,"0") -> 6 | BC55: =COUNTIF($G55:$AZ55,BC$1) -> 0 | BD55: =COUNTIF($G55:$AZ55,BD$1) -> 0 | BE55: =COUNTIF($G55:$AZ55,BE$1) -> 0 | BF55: =COUNTIF($G55:$AZ55,BF$1) -> 36 | BG55: =COUNTIF($G55:$AZ55,BG$1) -> 3
A56: 52 | B56: QA1 | C56: Nguyễn Thanh Thế Cường | D56: cuong.nguyenthanhthe | E56: QA | F56: 0 | G56: E | H56: E | I56: E | J56: 0 | K56: D | L56: D | M56: D | N56: D | O56: D | P56: D | Q56: D | R56: D | S56: 0 | T56: D | U56: D | V56: D | W56: D | X56: D | Y56: D | Z56: 0 | AA56: D | AB56: D | AC56: D | AD56: D | AE56: D | AF56: D | AG56: 0 | AH56: D | AI56: D | AJ56: D | AK56: D | AL56: 0 | AM56: D | AN56: D | AO56: D | AP56: D | AQ56: D | AR56: D | AS56: D | AT56: 0 | AU56: D | AV56: D | AW56: D | AX56: D | AY56: D | BA56: =SUM(BC56:BG56) -> 39 | BB56: =COUNTIF($G56:$AZ56,"0") -> 6 | BC56: =COUNTIF($G56:$AZ56,BC$1) -> 0 | BD56: =COUNTIF($G56:$AZ56,BD$1) -> 0 | BE56: =COUNTIF($G56:$AZ56,BE$1) -> 0 | BF56: =COUNTIF($G56:$AZ56,BF$1) -> 36 | BG56: =COUNTIF($G56:$AZ56,BG$1) -> 3
A57: 53 | B57: QA1 | C57: Nguyễn Lâm Bảo Ngọc | D57: ngoc.nguyen | E57: QA | F57: 0 | G57: A | H57: A | I57: A | J57: A | K57: 0 | L57: E | M57: E | N57: E | O57: E | P57: E | Q57: 0 | R57: D | S57: D | T57: D | U57: D | V57: D | W57: D | X57: 0 | Y57: D | Z57: D | AA57: D | AB57: D | AC57: D | AD57: D | AE57: D | AF57: 0 | AG57: D | AH57: D | AI57: D | AJ57: D | AK57: D | AL57: D | AM57: D | AN57: 0 | AO57: D | AP57: D | AQ57: D | AR57: D | AS57: D | AT57: D | AU57: 0 | AV57: D | AW57: D | AX57: D | AY57: D | BA57: =SUM(BC57:BG57) -> 39 | BB57: =COUNTIF($G57:$AZ57,"0") -> 6 | BC57: =COUNTIF($G57:$AZ57,BC$1) -> 4 | BD57: =COUNTIF($G57:$AZ57,BD$1) -> 0 | BE57: =COUNTIF($G57:$AZ57,BE$1) -> 0 | BF57: =COUNTIF($G57:$AZ57,BF$1) -> 30 | BG57: =COUNTIF($G57:$AZ57,BG$1) -> 5
A58: 54 | B58: QA2 | C58: Võ Anh Kiệt | D58: kiet.voanh | E58: QA | F58: 0 | G58: D | H58: D | I58: D | J58: D | K58: 0 | L58: D | M58: D | N58: D | O58: D | P58: D | Q58: D | R58: D | S58: 0 | T58: D | U58: D | V58: D | W58: D | X58: D | Y58: 0 | Z58: D | AA58: D | AB58: D | AC58: D | AD58: D | AE58: D | AF58: 0 | AG58: D | AH58: D | AI58: D | AJ58: D | AK58: D | AL58: D | AM58: D | AN58: 0 | AO58: D | AP58: D | AQ58: D | AR58: D | AS58: 0 | AT58: D | AU58: D | AV58: D | AW58: D | AX58: D | AY58: D | BA58: =SUM(BC58:BG58) -> 39 | BB58: =COUNTIF($G58:$AZ58,"0") -> 6 | BC58: =COUNTIF($G58:$AZ58,BC$1) -> 0 | BD58: =COUNTIF($G58:$AZ58,BD$1) -> 0 | BE58: =COUNTIF($G58:$AZ58,BE$1) -> 0 | BF58: =COUNTIF($G58:$AZ58,BF$1) -> 39 | BG58: =COUNTIF($G58:$AZ58,BG$1) -> 0
A59: 55 | B59: QA2 | C59: Lê Khả Nhi | D59: nhi.le | E59: QA | F59: 0.25 | G59: D | H59: D | I59: D | J59: D | K59: 0 | L59: D | M59: D | N59: D | O59: D | P59: D | Q59: D | R59: 0 | S59: E | T59: E | U59: E | V59: E | W59: E | X59: E | Y59: 0 | Z59: E | AA59: E | AB59: E | AC59: E | AD59: D | AE59: D | AF59: 0 | AG59: D | AH59: D | AI59: D | AJ59: D | AK59: D | AL59: D | AM59: 0 | AN59: D | AO59: D | AP59: D | AQ59: D | AR59: D | AS59: D | AT59: D | AU59: 0 | AV59: D | AW59: D | AX59: D | AY59: D | BA59: =SUM(BC59:BG59) -> 39 | BB59: =COUNTIF($G59:$AZ59,"0") -> 6 | BC59: =COUNTIF($G59:$AZ59,BC$1) -> 0 | BD59: =COUNTIF($G59:$AZ59,BD$1) -> 0 | BE59: =COUNTIF($G59:$AZ59,BE$1) -> 0 | BF59: =COUNTIF($G59:$AZ59,BF$1) -> 29 | BG59: =COUNTIF($G59:$AZ59,BG$1) -> 10
A60: 56 | B60: QA2 | C60: Nguyễn Văn Trưởng | D60: truong.nguyen | E60: QA | F60: 0 | G60: D | H60: D | I60: D | J60: D | K60: 0 | L60: D | M60: D | N60: D | O60: D | P60: D | Q60: D | R60: D | S60: 0 | T60: D | U60: D | V60: D | W60: D | X60: D | Y60: D | Z60: 0 | AA60: D | AB60: D | AC60: D | AD60: D | AE60: D | AF60: 0 | AG60: D | AH60: D | AI60: D | AJ60: D | AK60: D | AL60: D | AM60: D | AN60: 0 | AO60: D | AP60: D | AQ60: D | AR60: D | AS60: D | AT60: D | AU60: 0 | AV60: D | AW60: D | AX60: D | AY60: D | BA60: =SUM(BC60:BG60) -> 39 | BB60: =COUNTIF($G60:$AZ60,"0") -> 6 | BC60: =COUNTIF($G60:$AZ60,BC$1) -> 0 | BD60: =COUNTIF($G60:$AZ60,BD$1) -> 0 | BE60: =COUNTIF($G60:$AZ60,BE$1) -> 0 | BF60: =COUNTIF($G60:$AZ60,BF$1) -> 39 | BG60: =COUNTIF($G60:$AZ60,BG$1) -> 0
A61: 57 | B61: QA2 | C61: Nguyễn Anh Vũ | D61: vu.nguyen | E61: QA | F61: 0 | G61: D | H61: D | I61: D | J61: D | K61: 0 | L61: D | M61: D | N61: D | O61: D | P61: D | Q61: D | R61: D | S61: 0 | T61: D | U61: D | V61: D | W61: D | X61: D | Y61: D | Z61: 0 | AA61: D | AB61: D | AC61: D | AD61: D | AE61: 0 | AF61: D | AG61: D | AH61: D | AI61: D | AJ61: D | AK61: D | AL61: D | AM61: 0 | AN61: D | AO61: D | AP61: D | AQ61: D | AR61: D | AS61: D | AT61: 0 | AU61: D | AV61: D | AW61: D | AX61: D | AY61: D | BA61: =SUM(BC61:BG61) -> 39 | BB61: =COUNTIF($G61:$AZ61,"0") -> 6 | BC61: =COUNTIF($G61:$AZ61,BC$1) -> 0 | BD61: =COUNTIF($G61:$AZ61,BD$1) -> 0 | BE61: =COUNTIF($G61:$AZ61,BE$1) -> 0 | BF61: =COUNTIF($G61:$AZ61,BF$1) -> 39 | BG61: =COUNTIF($G61:$AZ61,BG$1) -> 0
A62: 58 | B62: QA2 | C62: Bùi Trọng Sơn | D62: son.bui | E62: QA | F62: 0 | G62: A | H62: A | I62: A | J62: A | K62: 0 | L62: E | M62: E | N62: E | O62: E | P62: E | Q62: 0 | R62: D | S62: D | T62: D | U62: D | V62: D | W62: D | X62: 0 | Y62: D | Z62: D | AA62: D | AB62: D | AC62: D | AD62: D | AE62: 0 | AF62: D | AG62: D | AH62: D | AI62: D | AJ62: D | AK62: D | AL62: D | AM62: 0 | AN62: D | AO62: D | AP62: D | AQ62: D | AR62: D | AS62: 0 | AT62: D | AU62: D | AV62: D | AW62: D | AX62: D | AY62: D | BA62: =SUM(BC62:BG62) -> 39 | BB62: =COUNTIF($G62:$AZ62,"0") -> 6 | BC62: =COUNTIF($G62:$AZ62,BC$1) -> 4 | BD62: =COUNTIF($G62:$AZ62,BD$1) -> 0 | BE62: =COUNTIF($G62:$AZ62,BE$1) -> 0 | BF62: =COUNTIF($G62:$AZ62,BF$1) -> 30 | BG62: =COUNTIF($G62:$AZ62,BG$1) -> 5
A63: 59 | B63: QA3 | C63: Trịnh Hoài Phong | D63: phong.trinhhoai | E63: QA | F63: 0.625 | G63: C | H63: C | I63: C | J63: C | K63: C | L63: 0 | M63: C | N63: C | O63: C | P63: C | Q63: 0 | R63: A | S63: A | T63: A | U63: A | V63: A | W63: A | X63: A | Y63: 0 | Z63: A | AA63: A | AB63: A | AC63: A | AD63: A | AE63: 0 | AF63: A | AG63: A | AH63: A | AI63: A | AJ63: A | AK63: A | AL63: A | AM63: 0 | AN63: A | AO63: A | AP63: A | AQ63: A | AR63: A | AS63: A | AT63: 0 | AU63: A | AV63: A | AW63: A | AX63: A | AY63: A | BA63: =SUM(BC63:BG63) -> 39 | BB63: =COUNTIF($G63:$AZ63,"0") -> 6 | BC63: =COUNTIF($G63:$AZ63,BC$1) -> 30 | BD63: =COUNTIF($G63:$AZ63,BD$1) -> 0 | BE63: =COUNTIF($G63:$AZ63,BE$1) -> 9 | BF63: =COUNTIF($G63:$AZ63,BF$1) -> 0 | BG63: =COUNTIF($G63:$AZ63,BG$1) -> 0
A64: 60 | B64: QA3 | C64: Nguyễn Tấn Tú | D64: tu.nguyentan | E64: QA | F64: 0.625 | G64: C | H64: C | I64: C | J64: C | K64: C | L64: 0 | M64: C | N64: C | O64: C | P64: C | Q64: C | R64: 0 | S64: A | T64: A | U64: A | V64: A | W64: A | X64: A | Y64: 0 | Z64: A | AA64: A | AB64: A | AC64: A | AD64: A | AE64: 0 | AF64: A | AG64: A | AH64: A | AI64: A | AJ64: A | AK64: A | AL64: A | AM64: 0 | AN64: A | AO64: A | AP64: A | AQ64: A | AR64: A | AS64: A | AT64: 0 | AU64: A | AV64: A | AW64: A | AX64: A | AY64: A | BA64: =SUM(BC64:BG64) -> 39 | BB64: =COUNTIF($G64:$AZ64,"0") -> 6 | BC64: =COUNTIF($G64:$AZ64,BC$1) -> 29 | BD64: =COUNTIF($G64:$AZ64,BD$1) -> 0 | BE64: =COUNTIF($G64:$AZ64,BE$1) -> 10 | BF64: =COUNTIF($G64:$AZ64,BF$1) -> 0 | BG64: =COUNTIF($G64:$AZ64,BG$1) -> 0
A65: 61 | B65: QA3 | C65: Nguyễn Huỳnh Ý Như | D65: nhu.nguyen | E65: QA | F65: 0.625 | G65: C | H65: C | I65: C | J65: C | K65: C | L65: 0 | M65: C | N65: C | O65: C | P65: C | Q65: 0 | R65: A | S65: A | T65: A | U65: A | V65: A | W65: A | X65: A | Y65: 0 | Z65: A | AA65: A | AB65: A | AC65: A | AD65: A | AE65: A | AF65: 0 | AG65: A | AH65: A | AI65: A | AJ65: A | AK65: A | AL65: A | AM65: A | AN65: 0 | AO65: A | AP65: A | AQ65: A | AR65: A | AS65: 0 | AT65: A | AU65: A | AV65: A | AW65: A | AX65: A | AY65: A | BA65: =SUM(BC65:BG65) -> 39 | BB65: =COUNTIF($G65:$AZ65,"0") -> 6 | BC65: =COUNTIF($G65:$AZ65,BC$1) -> 30 | BD65: =COUNTIF($G65:$AZ65,BD$1) -> 0 | BE65: =COUNTIF($G65:$AZ65,BE$1) -> 9 | BF65: =COUNTIF($G65:$AZ65,BF$1) -> 0 | BG65: =COUNTIF($G65:$AZ65,BG$1) -> 0
A66: 62 | B66: QA3 | C66: Nguyễn Phạm Thanh Bình | D66: binh.nguyen | E66: QA | F66: 0.625 | G66: C | H66: C | I66: C | J66: 0 | K66: C | L66: C | M66: C | N66: C | O66: C | P66: C | Q66: 0 | R66: A | S66: A | T66: A | U66: A | V66: A | W66: A | X66: A | Y66: 0 | Z66: A | AA66: A | AB66: A | AC66: A | AD66: A | AE66: 0 | AF66: A | AG66: A | AH66: A | AI66: A | AJ66: A | AK66: A | AL66: A | AM66: 0 | AN66: A | AO66: A | AP66: A | AQ66: A | AR66: A | AS66: A | AT66: 0 | AU66: A | AV66: A | AW66: A | AX66: A | AY66: A | BA66: =SUM(BC66:BG66) -> 39 | BB66: =COUNTIF($G66:$AZ66,"0") -> 6 | BC66: =COUNTIF($G66:$AZ66,BC$1) -> 30 | BD66: =COUNTIF($G66:$AZ66,BD$1) -> 0 | BE66: =COUNTIF($G66:$AZ66,BE$1) -> 9 | BF66: =COUNTIF($G66:$AZ66,BF$1) -> 0 | BG66: =COUNTIF($G66:$AZ66,BG$1) -> 0
A67: 63 | B67: QA3 | C67: Lê Hoàng Anh Tú | D67: tu.lehoang | E67: QA | F67: 0.625 | G67: C | H67: C | I67: C | J67: 0 | K67: C | L67: C | M67: C | N67: C | O67: C | P67: C | Q67: 0 | R67: A | S67: A | T67: A | U67: A | V67: A | W67: A | X67: A | Y67: 0 | Z67: A | AA67: A | AB67: A | AC67: A | AD67: A | AE67: 0 | AF67: A | AG67: A | AH67: A | AI67: A | AJ67: A | AK67: A | AL67: 0 | AM67: A | AN67: A | AO67: A | AP67: A | AQ67: A | AR67: A | AS67: A | AT67: 0 | AU67: A | AV67: A | AW67: A | AX67: A | AY67: A | BA67: =SUM(BC67:BG67) -> 39 | BB67: =COUNTIF($G67:$AZ67,"0") -> 6 | BC67: =COUNTIF($G67:$AZ67,BC$1) -> 30 | BD67: =COUNTIF($G67:$AZ67,BD$1) -> 0 | BE67: =COUNTIF($G67:$AZ67,BE$1) -> 9 | BF67: =COUNTIF($G67:$AZ67,BF$1) -> 0 | BG67: =COUNTIF($G67:$AZ67,BG$1) -> 0
A68: 64 | B68: QA4 | C68: Thái Thị Thanh Linh | D68: linh.thai | E68: QA | F68: 0.625 | G68: D | H68: D | I68: D | J68: D | K68: D | L68: 0 | M68: C | N68: C | O68: C | P68: C | Q68: C | R68: 0 | S68: A | T68: A | U68: A | V68: A | W68: A | X68: 0 | Y68: A | Z68: A | AA68: A | AB68: A | AC68: A | AD68: A | AE68: 0 | AF68: D | AG68: D | AH68: D | AI68: D | AJ68: D | AK68: D | AL68: D | AM68: 0 | AN68: D | AO68: D | AP68: D | AQ68: D | AR68: D | AS68: D | AT68: 0 | AU68: D | AV68: D | AW68: D | AX68: D | AY68: D | BA68: =SUM(BC68:BG68) -> 39 | BB68: =COUNTIF($G68:$AZ68,"0") -> 6 | BC68: =COUNTIF($G68:$AZ68,BC$1) -> 11 | BD68: =COUNTIF($G68:$AZ68,BD$1) -> 0 | BE68: =COUNTIF($G68:$AZ68,BE$1) -> 5 | BF68: =COUNTIF($G68:$AZ68,BF$1) -> 23 | BG68: =COUNTIF($G68:$AZ68,BG$1) -> 0
A69: 65 | B69: QA4 | C69: Nguyễn Mai Khánh Tâm | D69: tam.nguyenmaikhanh | E69: QA | F69: 0.625 | G69: D | H69: D | I69: D | J69: D | K69: D | L69: 0 | M69: C | N69: C | O69: C | P69: C | Q69: C | R69: 0 | S69: A | T69: A | U69: A | V69: A | W69: A | X69: 0 | Y69: A | Z69: A | AA69: A | AB69: A | AC69: A | AD69: A | AE69: 0 | AF69: A | AG69: A | AH69: A | AI69: A | AJ69: A | AK69: A | AL69: A | AM69: 0 | AN69: A | AO69: A | AP69: A | AQ69: A | AR69: A | AS69: A | AT69: A | AU69: 0 | AV69: A | AW69: A | AX69: A | AY69: A | BA69: =SUM(BC69:BG69) -> 39 | BB69: =COUNTIF($G69:$AZ69,"0") -> 6 | BC69: =COUNTIF($G69:$AZ69,BC$1) -> 29 | BD69: =COUNTIF($G69:$AZ69,BD$1) -> 0 | BE69: =COUNTIF($G69:$AZ69,BE$1) -> 5 | BF69: =COUNTIF($G69:$AZ69,BF$1) -> 5 | BG69: =COUNTIF($G69:$AZ69,BG$1) -> 0
A70: 66 | B70: QA4 | C70: Nguyễn Hữu Thiện | D70: thien.nguyen | E70: QA | F70: 0.625 | G70: D | H70: D | I70: D | J70: D | K70: D | L70: 0 | M70: C | N70: C | O70: C | P70: C | Q70: C | R70: 0 | S70: A | T70: A | U70: A | V70: A | W70: A | X70: 0 | Y70: A | Z70: A | AA70: A | AB70: A | AC70: A | AD70: A | AE70: A | AF70: 0 | AG70: A | AH70: A | AI70: A | AJ70: A | AK70: A | AL70: A | AM70: A | AN70: 0 | AO70: A | AP70: A | AQ70: A | AR70: A | AS70: A | AT70: A | AU70: 0 | AV70: A | AW70: A | AX70: A | AY70: A | BA70: =SUM(BC70:BG70) -> 39 | BB70: =COUNTIF($G70:$AZ70,"0") -> 6 | BC70: =COUNTIF($G70:$AZ70,BC$1) -> 29 | BD70: =COUNTIF($G70:$AZ70,BD$1) -> 0 | BE70: =COUNTIF($G70:$AZ70,BE$1) -> 5 | BF70: =COUNTIF($G70:$AZ70,BF$1) -> 5 | BG70: =COUNTIF($G70:$AZ70,BG$1) -> 0
A71: 67 | B71: QA4 | C71: Nguyễn Lê Như Ý | D71: y.nguyen | E71: QA | F71: 0.625 | G71: D | H71: D | I71: D | J71: D | K71: D | L71: 0 | M71: C | N71: C | O71: C | P71: C | Q71: 0 | R71: A | S71: A | T71: A | U71: A | V71: A | W71: A | X71: 0 | Y71: A | Z71: A | AA71: A | AB71: A | AC71: A | AD71: A | AE71: A | AF71: 0 | AG71: A | AH71: A | AI71: A | AJ71: A | AK71: A | AL71: A | AM71: A | AN71: 0 | AO71: A | AP71: A | AQ71: A | AR71: A | AS71: A | AT71: 0 | AU71: A | AV71: A | AW71: A | AX71: A | AY71: A | BA71: =SUM(BC71:BG71) -> 39 | BB71: =COUNTIF($G71:$AZ71,"0") -> 6 | BC71: =COUNTIF($G71:$AZ71,BC$1) -> 30 | BD71: =COUNTIF($G71:$AZ71,BD$1) -> 0 | BE71: =COUNTIF($G71:$AZ71,BE$1) -> 4 | BF71: =COUNTIF($G71:$AZ71,BF$1) -> 5 | BG71: =COUNTIF($G71:$AZ71,BG$1) -> 0
A72: 68 | B72: QA4 | C72: Nguyễn Huỳnh Quốc Duy | D72: duy.nguyenhuynhquoc | E72: QA | F72: 0.625 | G72: B | H72: B | I72: B | J72: B | K72: 0 | L72: B | M72: B | N72: B | O72: B | P72: B | Q72: 0 | R72: A | S72: A | T72: A | U72: A | V72: A | W72: A | X72: 0 | Y72: A | Z72: A | AA72: A | AB72: A | AC72: A | AD72: A | AE72: A | AF72: 0 | AG72: A | AH72: A | AI72: A | AJ72: A | AK72: A | AL72: A | AM72: A | AN72: 0 | AO72: A | AP72: A | AQ72: A | AR72: A | AS72: A | AT72: A | AU72: 0 | AV72: A | AW72: A | AX72: A | AY72: A | BA72: =SUM(BC72:BG72) -> 39 | BB72: =COUNTIF($G72:$AZ72,"0") -> 6 | BC72: =COUNTIF($G72:$AZ72,BC$1) -> 30 | BD72: =COUNTIF($G72:$AZ72,BD$1) -> 9 | BE72: =COUNTIF($G72:$AZ72,BE$1) -> 0 | BF72: =COUNTIF($G72:$AZ72,BF$1) -> 0 | BG72: =COUNTIF($G72:$AZ72,BG$1) -> 0
A73: 69 | B73: QA5 | C73: Bùi Nhật Anh | D73: anh.bui | E73: QA | F73: 0.625 | G73: B | H73: B | I73: B | J73: 0 | K73: B | L73: B | M73: B | N73: B | O73: B | P73: B | Q73: 0 | R73: E | S73: E | T73: E | U73: E | V73: A | W73: A | X73: A | Y73: 0 | Z73: A | AA73: A | AB73: A | AC73: A | AD73: A | AE73: A | AF73: A | AG73: 0 | AH73: A | AI73: A | AJ73: A | AK73: A | AL73: A | AM73: 0 | AN73: A | AO73: A | AP73: A | AQ73: A | AR73: A | AS73: 0 | AT73: A | AU73: A | AV73: A | AW73: A | AX73: A | AY73: A | BA73: =SUM(BC73:BG73) -> 39 | BB73: =COUNTIF($G73:$AZ73,"0") -> 6 | BC73: =COUNTIF($G73:$AZ73,BC$1) -> 26 | BD73: =COUNTIF($G73:$AZ73,BD$1) -> 9 | BE73: =COUNTIF($G73:$AZ73,BE$1) -> 0 | BF73: =COUNTIF($G73:$AZ73,BF$1) -> 0 | BG73: =COUNTIF($G73:$AZ73,BG$1) -> 4
A74: 70 | B74: QA5 | C74: Khổng Thị Quỳnh Như | D74: nhu.khong | E74: QA | F74: 0.625 | G74: B | H74: B | I74: B | J74: B | K74: 0 | L74: B | M74: B | N74: B | O74: B | P74: B | Q74: B | R74: 0 | S74: E | T74: E | U74: E | V74: A | W74: A | X74: A | Y74: 0 | Z74: A | AA74: A | AB74: A | AC74: A | AD74: A | AE74: A | AF74: A | AG74: 0 | AH74: A | AI74: A | AJ74: A | AK74: A | AL74: A | AM74: 0 | AN74: A | AO74: A | AP74: A | AQ74: A | AR74: A | AS74: 0 | AT74: A | AU74: A | AV74: A | AW74: A | AX74: A | AY74: A | BA74: =SUM(BC74:BG74) -> 39 | BB74: =COUNTIF($G74:$AZ74,"0") -> 6 | BC74: =COUNTIF($G74:$AZ74,BC$1) -> 26 | BD74: =COUNTIF($G74:$AZ74,BD$1) -> 10 | BE74: =COUNTIF($G74:$AZ74,BE$1) -> 0 | BF74: =COUNTIF($G74:$AZ74,BF$1) -> 0 | BG74: =COUNTIF($G74:$AZ74,BG$1) -> 3
A75: 71 | B75: QA5 | C75: Nhữ Thị Hiền | D75: hien.nhu | E75: QA | F75: 0.625 | G75: B | H75: B | I75: B | J75: B | K75: 0 | L75: B | M75: B | N75: B | O75: B | P75: B | Q75: B | R75: 0 | S75: E | T75: E | U75: E | V75: A | W75: A | X75: 0 | Y75: A | Z75: A | AA75: A | AB75: A | AC75: A | AD75: A | AE75: A | AF75: A | AG75: 0 | AH75: A | AI75: A | AJ75: A | AK75: A | AL75: A | AM75: 0 | AN75: A | AO75: A | AP75: A | AQ75: A | AR75: A | AS75: A | AT75: 0 | AU75: A | AV75: A | AW75: A | AX75: A | AY75: A | BA75: =SUM(BC75:BG75) -> 39 | BB75: =COUNTIF($G75:$AZ75,"0") -> 6 | BC75: =COUNTIF($G75:$AZ75,BC$1) -> 26 | BD75: =COUNTIF($G75:$AZ75,BD$1) -> 10 | BE75: =COUNTIF($G75:$AZ75,BE$1) -> 0 | BF75: =COUNTIF($G75:$AZ75,BF$1) -> 0 | BG75: =COUNTIF($G75:$AZ75,BG$1) -> 3
A76: 72 | B76: QA5 | C76: Mai Hà Bảo Trâm | D76: tram.mai | E76: QA | F76: 0.25 | G76: B | H76: B | I76: B | J76: B | K76: 0 | L76: B | M76: B | N76: B | O76: B | P76: B | Q76: B | R76: 0 | S76: E | T76: E | U76: E | V76: E | W76: E | X76: E | Y76: 0 | Z76: E | AA76: E | AB76: E | AC76: E | AD76: D | AE76: D | AF76: D | AG76: 0 | AH76: D | AI76: D | AJ76: D | AK76: D | AL76: D | AM76: D | AN76: 0 | AO76: D | AP76: D | AQ76: D | AR76: D | AS76: 0 | AT76: D | AU76: D | AV76: D | AW76: D | AX76: D | AY76: D | BA76: =SUM(BC76:BG76) -> 39 | BB76: =COUNTIF($G76:$AZ76,"0") -> 6 | BC76: =COUNTIF($G76:$AZ76,BC$1) -> 0 | BD76: =COUNTIF($G76:$AZ76,BD$1) -> 10 | BE76: =COUNTIF($G76:$AZ76,BE$1) -> 0 | BF76: =COUNTIF($G76:$AZ76,BF$1) -> 19 | BG76: =COUNTIF($G76:$AZ76,BG$1) -> 10
A77: 73 | B77: QA5 | C77: Lư Quang Trực | D77: truc.luquang | E77: QA | F77: 0.25 | G77: A | H77: A | I77: A | J77: 0 | K77: A | L77: A | M77: A | N77: A | O77: A | P77: A | Q77: A | R77: 0 | S77: E | T77: E | U77: E | V77: E | W77: E | X77: E | Y77: 0 | Z77: E | AA77: E | AB77: E | AC77: E | AD77: D | AE77: D | AF77: D | AG77: 0 | AH77: D | AI77: D | AJ77: D | AK77: D | AL77: 0 | AM77: D | AN77: D | AO77: D | AP77: D | AQ77: D | AR77: D | AS77: D | AT77: 0 | AU77: D | AV77: D | AW77: D | AX77: D | AY77: D | BA77: =SUM(BC77:BG77) -> 39 | BB77: =COUNTIF($G77:$AZ77,"0") -> 6 | BC77: =COUNTIF($G77:$AZ77,BC$1) -> 10 | BD77: =COUNTIF($G77:$AZ77,BD$1) -> 0 | BE77: =COUNTIF($G77:$AZ77,BE$1) -> 0 | BF77: =COUNTIF($G77:$AZ77,BF$1) -> 19 | BG77: =COUNTIF($G77:$AZ77,BG$1) -> 10
A78: 74 | B78: QA6 | C78: Phạm Văn Thắng | D78: thang.pham | E78: QA | F78: 0.625 | G78: A | H78: A | I78: A | J78: 0 | K78: A | L78: A | M78: A | N78: A | O78: A | P78: A | Q78: A | R78: 0 | S78: E | T78: E | U78: E | V78: A | W78: A | X78: A | Y78: A | Z78: 0 | AA78: A | AB78: A | AC78: A | AD78: A | AE78: A | AF78: 0 | AG78: A | AH78: A | AI78: A | AJ78: A | AK78: A | AL78: 0 | AM78: A | AN78: A | AO78: A | AP78: A | AQ78: A | AR78: A | AS78: A | AT78: 0 | AU78: A | AV78: A | AW78: A | AX78: A | AY78: A | BA78: =SUM(BC78:BG78) -> 39 | BB78: =COUNTIF($G78:$AZ78,"0") -> 6 | BC78: =COUNTIF($G78:$AZ78,BC$1) -> 36 | BD78: =COUNTIF($G78:$AZ78,BD$1) -> 0 | BE78: =COUNTIF($G78:$AZ78,BE$1) -> 0 | BF78: =COUNTIF($G78:$AZ78,BF$1) -> 0 | BG78: =COUNTIF($G78:$AZ78,BG$1) -> 3
A79: 75 | B79: QA6 | C79: Cao Đức Hiếu | D79: hieu.cao | E79: QA | F79: 0.25 | G79: A | H79: A | I79: A | J79: 0 | K79: A | L79: A | M79: A | N79: A | O79: A | P79: A | Q79: A | R79: 0 | S79: E | T79: E | U79: E | V79: E | W79: E | X79: E | Y79: 0 | Z79: E | AA79: E | AB79: E | AC79: E | AD79: D | AE79: D | AF79: 0 | AG79: D | AH79: D | AI79: D | AJ79: D | AK79: D | AL79: D | AM79: 0 | AN79: D | AO79: D | AP79: D | AQ79: D | AR79: D | AS79: D | AT79: D | AU79: 0 | AV79: D | AW79: D | AX79: D | AY79: D | BA79: =SUM(BC79:BG79) -> 39 | BB79: =COUNTIF($G79:$AZ79,"0") -> 6 | BC79: =COUNTIF($G79:$AZ79,BC$1) -> 10 | BD79: =COUNTIF($G79:$AZ79,BD$1) -> 0 | BE79: =COUNTIF($G79:$AZ79,BE$1) -> 0 | BF79: =COUNTIF($G79:$AZ79,BF$1) -> 19 | BG79: =COUNTIF($G79:$AZ79,BG$1) -> 10
A80: 76 | B80: QA6 | C80: Ân Hồng Kim Ý | D80: y.anhongkim | E80: QA | F80: 0.375 | G80: B | H80: B | I80: B | J80: B | K80: 0 | L80: A | M80: A | N80: A | O80: A | P80: A | Q80: 0 | R80: E | S80: E | T80: E | U80: E | V80: E | W80: E | X80: 0 | Y80: E | Z80: E | AA80: E | AB80: E | AC80: A | AD80: A | AE80: A | AF80: 0 | AG80: A | AH80: A | AI80: A | AJ80: A | AK80: A | AL80: 0 | AM80: A | AN80: A | AO80: A | AP80: A | AQ80: A | AR80: A | AS80: A | AT80: 0 | AU80: A | AV80: A | AW80: A | AX80: A | AY80: A | BA80: =SUM(BC80:BG80) -> 39 | BB80: =COUNTIF($G80:$AZ80,"0") -> 6 | BC80: =COUNTIF($G80:$AZ80,BC$1) -> 25 | BD80: =COUNTIF($G80:$AZ80,BD$1) -> 4 | BE80: =COUNTIF($G80:$AZ80,BE$1) -> 0 | BF80: =COUNTIF($G80:$AZ80,BF$1) -> 0 | BG80: =COUNTIF($G80:$AZ80,BG$1) -> 10
A81: 77 | B81: QA6 | C81: Nguyễn Tuyên Hoàng | D81: hoang.nguyentuyen | E81: QA | F81: 0.25 | G81: B | H81: B | I81: B | J81: B | K81: 0 | L81: A | M81: A | N81: A | O81: A | P81: A | Q81: 0 | R81: E | S81: E | T81: E | U81: E | V81: E | W81: E | X81: 0 | Y81: E | Z81: E | AA81: E | AB81: E | AC81: E | AD81: D | AE81: D | AF81: 0 | AG81: D | AH81: D | AI81: D | AJ81: D | AK81: D | AL81: D | AM81: D | AN81: 0 | AO81: D | AP81: D | AQ81: D | AR81: D | AS81: D | AT81: D | AU81: 0 | AV81: D | AW81: D | AX81: D | AY81: D | BA81: =SUM(BC81:BG81) -> 39 | BB81: =COUNTIF($G81:$AZ81,"0") -> 6 | BC81: =COUNTIF($G81:$AZ81,BC$1) -> 5 | BD81: =COUNTIF($G81:$AZ81,BD$1) -> 4 | BE81: =COUNTIF($G81:$AZ81,BE$1) -> 0 | BF81: =COUNTIF($G81:$AZ81,BF$1) -> 19 | BG81: =COUNTIF($G81:$AZ81,BG$1) -> 11
A82: 78 | B82: QA6 | C82: Trần Thị Phương Trang | D82: trang.tran | E82: QA | F82: 0.625 | G82: B | H82: B | I82: B | J82: B | K82: 0 | L82: A | M82: A | N82: A | O82: A | P82: A | Q82: A | R82: 0 | S82: E | T82: E | U82: E | V82: A | W82: A | X82: A | Y82: 0 | Z82: A | AA82: A | AB82: A | AC82: A | AD82: A | AE82: A | AF82: 0 | AG82: A | AH82: A | AI82: A | AJ82: A | AK82: A | AL82: A | AM82: 0 | AN82: A | AO82: A | AP82: A | AQ82: A | AR82: A | AS82: A | AT82: 0 | AU82: A | AV82: A | AW82: A | AX82: A | AY82: A | BA82: =SUM(BC82:BG82) -> 39 | BB82: =COUNTIF($G82:$AZ82,"0") -> 6 | BC82: =COUNTIF($G82:$AZ82,BC$1) -> 32 | BD82: =COUNTIF($G82:$AZ82,BD$1) -> 4 | BE82: =COUNTIF($G82:$AZ82,BE$1) -> 0 | BF82: =COUNTIF($G82:$AZ82,BF$1) -> 0 | BG82: =COUNTIF($G82:$AZ82,BG$1) -> 3
A83: 79 | B83: QA7 | C83: Phan Thị Phương Thảo | D83: thao.phan | E83: QA | F83: 0.25 | G83: B | H83: B | I83: B | J83: B | K83: 0 | L83: A | M83: A | N83: A | O83: A | P83: A | Q83: 0 | R83: E | S83: E | T83: E | U83: E | V83: E | W83: E | X83: E | Y83: 0 | Z83: E | AA83: E | AB83: E | AC83: E | AD83: D | AE83: 0 | AF83: D | AG83: D | AH83: D | AI83: D | AJ83: D | AK83: D | AL83: 0 | AM83: D | AN83: D | AO83: D | AP83: D | AQ83: D | AR83: D | AS83: 0 | AT83: D | AU83: D | AV83: D | AW83: D | AX83: D | AY83: D | BA83: =SUM(BC83:BG83) -> 39 | BB83: =COUNTIF($G83:$AZ83,"0") -> 6 | BC83: =COUNTIF($G83:$AZ83,BC$1) -> 5 | BD83: =COUNTIF($G83:$AZ83,BD$1) -> 4 | BE83: =COUNTIF($G83:$AZ83,BE$1) -> 0 | BF83: =COUNTIF($G83:$AZ83,BF$1) -> 19 | BG83: =COUNTIF($G83:$AZ83,BG$1) -> 11
A84: 80 | B84: QA7 | C84: Huỳnh Trần Uyển Nhi | D84: nhi.huynhtranuyen | E84: QA | F84: 0.25 | G84: C | H84: C | I84: C | J84: C | K84: 0 | L84: B | M84: B | N84: B | O84: B | P84: B | Q84: B | R84: 0 | S84: E | T84: E | U84: E | V84: E | W84: E | X84: E | Y84: E | Z84: 0 | AA84: E | AB84: E | AC84: E | AD84: E | AE84: E | AF84: 0 | AG84: E | AH84: E | AI84: E | AJ84: E | AK84: E | AL84: 0 | AM84: E | AN84: E | AO84: E | AP84: E | AQ84: E | AR84: E | AS84: E | AT84: 0 | AU84: E | AV84: E | AW84: E | AX84: E | AY84: E | BA84: =SUM(BC84:BG84) -> 39 | BB84: =COUNTIF($G84:$AZ84,"0") -> 6 | BC84: =COUNTIF($G84:$AZ84,BC$1) -> 0 | BD84: =COUNTIF($G84:$AZ84,BD$1) -> 6 | BE84: =COUNTIF($G84:$AZ84,BE$1) -> 4 | BF84: =COUNTIF($G84:$AZ84,BF$1) -> 0 | BG84: =COUNTIF($G84:$AZ84,BG$1) -> 29
A85: 81 | B85: QA7 | C85: Lương Thị Ngân | D85: ngan.luongthi | E85: QA | F85: 0.375 | G85: C | H85: C | I85: C | J85: C | K85: 0 | L85: B | M85: B | N85: B | O85: B | P85: B | Q85: B | R85: 0 | S85: E | T85: E | U85: E | V85: E | W85: E | X85: E | Y85: E | Z85: 0 | AA85: E | AB85: E | AC85: A | AD85: A | AE85: 0 | AF85: A | AG85: A | AH85: A | AI85: A | AJ85: A | AK85: A | AL85: A | AM85: 0 | AN85: A | AO85: A | AP85: A | AQ85: A | AR85: A | AS85: 0 | AT85: A | AU85: A | AV85: A | AW85: A | AX85: A | AY85: A | BA85: =SUM(BC85:BG85) -> 39 | BB85: =COUNTIF($G85:$AZ85,"0") -> 6 | BC85: =COUNTIF($G85:$AZ85,BC$1) -> 20 | BD85: =COUNTIF($G85:$AZ85,BD$1) -> 6 | BE85: =COUNTIF($G85:$AZ85,BE$1) -> 4 | BF85: =COUNTIF($G85:$AZ85,BF$1) -> 0 | BG85: =COUNTIF($G85:$AZ85,BG$1) -> 9
A86: 82 | B86: QA7 | C86: Nguyễn Đinh Lưu | D86: luu.nguyendinh | E86: QA | F86: 0.25 | G86: C | H86: C | I86: C | J86: C | K86: 0 | L86: B | M86: B | N86: B | O86: B | P86: B | Q86: B | R86: 0 | S86: E | T86: E | U86: E | V86: E | W86: E | X86: E | Y86: E | Z86: 0 | AA86: E | AB86: E | AC86: E | AD86: D | AE86: 0 | AF86: D | AG86: D | AH86: D | AI86: D | AJ86: D | AK86: D | AL86: 0 | AM86: D | AN86: D | AO86: D | AP86: D | AQ86: D | AR86: D | AS86: 0 | AT86: D | AU86: D | AV86: D | AW86: D | AX86: D | AY86: D | BA86: =SUM(BC86:BG86) -> 39 | BB86: =COUNTIF($G86:$AZ86,"0") -> 6 | BC86: =COUNTIF($G86:$AZ86,BC$1) -> 0 | BD86: =COUNTIF($G86:$AZ86,BD$1) -> 6 | BE86: =COUNTIF($G86:$AZ86,BE$1) -> 4 | BF86: =COUNTIF($G86:$AZ86,BF$1) -> 19 | BG86: =COUNTIF($G86:$AZ86,BG$1) -> 10
A87: 83 | B87: QA7 | C87: Nguyễn Thị Ánh Mỹ | D87: my.nguyen | E87: QA | F87: 0.25 | G87: C | H87: C | I87: C | J87: C | K87: 0 | L87: B | M87: B | N87: B | O87: B | P87: B | Q87: B | R87: 0 | S87: E | T87: E | U87: E | V87: E | W87: E | X87: 0 | Y87: E | Z87: E | AA87: E | AB87: E | AC87: E | AD87: E | AE87: 0 | AF87: E | AG87: E | AH87: E | AI87: E | AJ87: E | AK87: E | AL87: E | AM87: 0 | AN87: E | AO87: E | AP87: E | AQ87: E | AR87: E | AS87: E | AT87: 0 | AU87: E | AV87: E | AW87: E | AX87: E | AY87: E | BA87: =SUM(BC87:BG87) -> 39 | BB87: =COUNTIF($G87:$AZ87,"0") -> 6 | BC87: =COUNTIF($G87:$AZ87,BC$1) -> 0 | BD87: =COUNTIF($G87:$AZ87,BD$1) -> 6 | BE87: =COUNTIF($G87:$AZ87,BE$1) -> 4 | BF87: =COUNTIF($G87:$AZ87,BF$1) -> 0 | BG87: =COUNTIF($G87:$AZ87,BG$1) -> 29
A88: 84 | B88: QA8 | C88: Nguyễn Hoàng Duy Khang | D88: khang.nguyen | E88: QA | F88: 0.25 | G88: C | H88: C | I88: C | J88: C | K88: 0 | L88: B | M88: B | N88: B | O88: B | P88: B | Q88: B | R88: 0 | S88: E | T88: E | U88: E | V88: E | W88: E | X88: E | Y88: E | Z88: 0 | AA88: E | AB88: E | AC88: E | AD88: E | AE88: E | AF88: 0 | AG88: E | AH88: E | AI88: E | AJ88: E | AK88: E | AL88: 0 | AM88: E | AN88: E | AO88: E | AP88: E | AQ88: E | AR88: E | AS88: E | AT88: 0 | AU88: E | AV88: E | AW88: E | AX88: E | AY88: E | BA88: =SUM(BC88:BG88) -> 39 | BB88: =COUNTIF($G88:$AZ88,"0") -> 6 | BC88: =COUNTIF($G88:$AZ88,BC$1) -> 0 | BD88: =COUNTIF($G88:$AZ88,BD$1) -> 6 | BE88: =COUNTIF($G88:$AZ88,BE$1) -> 4 | BF88: =COUNTIF($G88:$AZ88,BF$1) -> 0 | BG88: =COUNTIF($G88:$AZ88,BG$1) -> 29
A89: 85 | B89: QA8 | C89: Lê Thị Quỳnh Như | D89: nhu.le | E89: QA | F89: 0.25 | G89: B | H89: B | I89: B | J89: 0 | K89: B | L89: B | M89: B | N89: B | O89: B | P89: B | Q89: B | R89: 0 | S89: E | T89: E | U89: E | V89: E | W89: E | X89: E | Y89: E | Z89: 0 | AA89: E | AB89: E | AC89: E | AD89: E | AE89: E | AF89: 0 | AG89: E | AH89: E | AI89: E | AJ89: E | AK89: E | AL89: E | AM89: 0 | AN89: E | AO89: E | AP89: E | AQ89: E | AR89: E | AS89: E | AT89: 0 | AU89: E | AV89: E | AW89: E | AX89: E | AY89: E | BA89: =SUM(BC89:BG89) -> 39 | BB89: =COUNTIF($G89:$AZ89,"0") -> 6 | BC89: =COUNTIF($G89:$AZ89,BC$1) -> 0 | BD89: =COUNTIF($G89:$AZ89,BD$1) -> 10 | BE89: =COUNTIF($G89:$AZ89,BE$1) -> 0 | BF89: =COUNTIF($G89:$AZ89,BF$1) -> 0 | BG89: =COUNTIF($G89:$AZ89,BG$1) -> 29
A90: 86 | B90: QA8 | C90: Huỳnh Tuyết Ngân | D90: ngan.huynhtuyet | E90: QA | F90: 0.25 | G90: B | H90: B | I90: B | J90: 0 | K90: B | L90: B | M90: B | N90: B | O90: B | P90: B | Q90: B | R90: 0 | S90: E | T90: E | U90: E | V90: E | W90: E | X90: E | Y90: E | Z90: 0 | AA90: E | AB90: E | AC90: E | AD90: E | AE90: 0 | AF90: E | AG90: E | AH90: E | AI90: E | AJ90: E | AK90: E | AL90: E | AM90: 0 | AN90: E | AO90: E | AP90: E | AQ90: E | AR90: E | AS90: 0 | AT90: E | AU90: E | AV90: E | AW90: E | AX90: E | AY90: E | BA90: =SUM(BC90:BG90) -> 39 | BB90: =COUNTIF($G90:$AZ90,"0") -> 6 | BC90: =COUNTIF($G90:$AZ90,BC$1) -> 0 | BD90: =COUNTIF($G90:$AZ90,BD$1) -> 10 | BE90: =COUNTIF($G90:$AZ90,BE$1) -> 0 | BF90: =COUNTIF($G90:$AZ90,BF$1) -> 0 | BG90: =COUNTIF($G90:$AZ90,BG$1) -> 29
A91: 87 | B91: QA8 | C91: Nguyễn Thị Hồng Quế | D91: que.nguyenthihong | E91: QA | F91: 0.25 | G91: B | H91: B | I91: B | J91: 0 | K91: B | L91: B | M91: B | N91: B | O91: B | P91: B | Q91: 0 | R91: E | S91: E | T91: E | U91: E | V91: E | W91: E | X91: E | Y91: 0 | Z91: E | AA91: E | AB91: E | AC91: E | AD91: E | AE91: E | AF91: 0 | AG91: E | AH91: E | AI91: E | AJ91: E | AK91: E | AL91: 0 | AM91: E | AN91: E | AO91: E | AP91: E | AQ91: E | AR91: E | AS91: E | AT91: 0 | AU91: E | AV91: E | AW91: E | AX91: E | AY91: E | BA91: =SUM(BC91:BG91) -> 39 | BB91: =COUNTIF($G91:$AZ91,"0") -> 6 | BC91: =COUNTIF($G91:$AZ91,BC$1) -> 0 | BD91: =COUNTIF($G91:$AZ91,BD$1) -> 9 | BE91: =COUNTIF($G91:$AZ91,BE$1) -> 0 | BF91: =COUNTIF($G91:$AZ91,BF$1) -> 0 | BG91: =COUNTIF($G91:$AZ91,BG$1) -> 30
A92: 88 | B92: QA8 | C92: Nguyễn Thị Hòa | D92: hoa.nguyenthi | E92: QA | F92: 0.625 | G92: B | H92: B | I92: B | J92: 0 | K92: B | L92: B | M92: B | N92: B | O92: B | P92: B | Q92: 0 | R92: E | S92: E | T92: E | U92: E | V92: A | W92: A | X92: 0 | Y92: A | Z92: A | AA92: A | AB92: A | AC92: A | AD92: A | AE92: A | AF92: 0 | AG92: A | AH92: A | AI92: A | AJ92: A | AK92: A | AL92: A | AM92: 0 | AN92: A | AO92: A | AP92: A | AQ92: A | AR92: A | AS92: 0 | AT92: A | AU92: A | AV92: A | AW92: A | AX92: A | AY92: A | BA92: =SUM(BC92:BG92) -> 39 | BB92: =COUNTIF($G92:$AZ92,"0") -> 6 | BC92: =COUNTIF($G92:$AZ92,BC$1) -> 26 | BD92: =COUNTIF($G92:$AZ92,BD$1) -> 9 | BE92: =COUNTIF($G92:$AZ92,BE$1) -> 0 | BF92: =COUNTIF($G92:$AZ92,BF$1) -> 0 | BG92: =COUNTIF($G92:$AZ92,BG$1) -> 4
A93: 89 | B93: QA9 | C93: Trần Tuấn Anh | D93: anh.trantuan | E93: QA | F93: 0.25 | G93: B | H93: B | I93: B | J93: B | K93: 0 | L93: B | M93: B | N93: B | O93: B | P93: B | Q93: 0 | R93: E | S93: E | T93: E | U93: E | V93: E | W93: E | X93: E | Y93: 0 | Z93: E | AA93: E | AB93: E | AC93: E | AD93: D | AE93: D | AF93: 0 | AG93: D | AH93: D | AI93: D | AJ93: D | AK93: D | AL93: D | AM93: D | AN93: 0 | AO93: D | AP93: D | AQ93: D | AR93: D | AS93: D | AT93: D | AU93: 0 | AV93: D | AW93: D | AX93: D | AY93: D | BA93: =SUM(BC93:BG93) -> 39 | BB93: =COUNTIF($G93:$AZ93,"0") -> 6 | BC93: =COUNTIF($G93:$AZ93,BC$1) -> 0 | BD93: =COUNTIF($G93:$AZ93,BD$1) -> 9 | BE93: =COUNTIF($G93:$AZ93,BE$1) -> 0 | BF93: =COUNTIF($G93:$AZ93,BF$1) -> 19 | BG93: =COUNTIF($G93:$AZ93,BG$1) -> 11
A94: 90 | B94: QA9 | C94: Hồ Tấn Phúc | D94: phuc.ho | E94: QA | F94: 0.625 | G94: A | H94: A | I94: A | J94: A | K94: 0 | L94: E | M94: E | N94: E | O94: E | P94: E | Q94: 0 | R94: E | S94: E | T94: E | U94: E | V94: A | W94: A | X94: A | Y94: 0 | Z94: A | AA94: A | AB94: A | AC94: A | AD94: A | AE94: A | AF94: A | AG94: 0 | AH94: A | AI94: A | AJ94: A | AK94: A | AL94: 0 | AM94: A | AN94: A | AO94: A | AP94: A | AQ94: A | AR94: A | AS94: 0 | AT94: A | AU94: A | AV94: A | AW94: A | AX94: A | AY94: A | BA94: =SUM(BC94:BG94) -> 39 | BB94: =COUNTIF($G94:$AZ94,"0") -> 6 | BC94: =COUNTIF($G94:$AZ94,BC$1) -> 30 | BD94: =COUNTIF($G94:$AZ94,BD$1) -> 0 | BE94: =COUNTIF($G94:$AZ94,BE$1) -> 0 | BF94: =COUNTIF($G94:$AZ94,BF$1) -> 0 | BG94: =COUNTIF($G94:$AZ94,BG$1) -> 9
A95: 91 | B95: QA9 | C95: Huỳnh Thị Mỹ Kim | D95: kim.huynh | E95: QA | F95: 0.25 | G95: A | H95: A | I95: A | J95: A | K95: 0 | L95: E | M95: E | N95: E | O95: E | P95: E | Q95: E | R95: 0 | S95: E | T95: E | U95: E | V95: E | W95: E | X95: E | Y95: 0 | Z95: E | AA95: E | AB95: E | AC95: E | AD95: D | AE95: D | AF95: D | AG95: 0 | AH95: D | AI95: D | AJ95: D | AK95: D | AL95: D | AM95: 0 | AN95: D | AO95: D | AP95: D | AQ95: D | AR95: D | AS95: D | AT95: 0 | AU95: D | AV95: D | AW95: D | AX95: D | AY95: D | BA95: =SUM(BC95:BG95) -> 39 | BB95: =COUNTIF($G95:$AZ95,"0") -> 6 | BC95: =COUNTIF($G95:$AZ95,BC$1) -> 4 | BD95: =COUNTIF($G95:$AZ95,BD$1) -> 0 | BE95: =COUNTIF($G95:$AZ95,BE$1) -> 0 | BF95: =COUNTIF($G95:$AZ95,BF$1) -> 19 | BG95: =COUNTIF($G95:$AZ95,BG$1) -> 16
A96: 92 | B96: QA9 | C96: Vũ Trung Kiên | D96: kien.vu | E96: QA | F96: 0.625 | G96: A | H96: A | I96: A | J96: 0 | K96: A | L96: A | M96: A | N96: A | O96: A | P96: A | Q96: 0 | R96: E | S96: E | T96: E | U96: E | V96: A | W96: A | X96: A | Y96: 0 | Z96: A | AA96: A | AB96: A | AC96: A | AD96: A | AE96: A | AF96: A | AG96: 0 | AH96: A | AI96: A | AJ96: A | AK96: A | AL96: 0 | AM96: A | AN96: A | AO96: A | AP96: A | AQ96: A | AR96: A | AS96: 0 | AT96: A | AU96: A | AV96: A | AW96: A | AX96: A | AY96: A | BA96: =SUM(BC96:BG96) -> 39 | BB96: =COUNTIF($G96:$AZ96,"0") -> 6 | BC96: =COUNTIF($G96:$AZ96,BC$1) -> 35 | BD96: =COUNTIF($G96:$AZ96,BD$1) -> 0 | BE96: =COUNTIF($G96:$AZ96,BE$1) -> 0 | BF96: =COUNTIF($G96:$AZ96,BF$1) -> 0 | BG96: =COUNTIF($G96:$AZ96,BG$1) -> 4
A97: 93 | B97: QA9 | C97: Hồ Thị Hải Yến | D97: yen.ho | E97: QA | F97: 0.375 | G97: E | H97: E | I97: E | J97: 0 | K97: E | L97: E | M97: E | N97: E | O97: E | P97: E | Q97: 0 | R97: E | S97: E | T97: E | U97: E | V97: E | W97: E | X97: E | Y97: 0 | Z97: E | AA97: E | AB97: E | AC97: E | AD97: E | AE97: 0 | AF97: E | AG97: E | AH97: E | AI97: E | AJ97: E | AK97: E | AL97: E | AM97: 0 | AN97: E | AO97: E | AP97: E | AQ97: E | AR97: E | AS97: 0 | AT97: E | AU97: E | AV97: E | AW97: E | AX97: E | AY97: E | BA97: =SUM(BC97:BG97) -> 39 | BB97: =COUNTIF($G97:$AZ97,"0") -> 6 | BC97: =COUNTIF($G97:$AZ97,BC$1) -> 0 | BD97: =COUNTIF($G97:$AZ97,BD$1) -> 0 | BE97: =COUNTIF($G97:$AZ97,BE$1) -> 0 | BF97: =COUNTIF($G97:$AZ97,BF$1) -> 0 | BG97: =COUNTIF($G97:$AZ97,BG$1) -> 39
C98: Võ Tấn Nam | D98: nam.vo | E98: QA | G98: C | H98: C | I98: C | J98: C | K98: C | L98: 0 | M98: C | N98: C | O98: C | P98: C | Q98: C | R98: 0 | BA98: =SUM(BC98:BG98) -> 10 | BB98: =COUNTIF($G98:$AZ98,"0") -> 2 | BC98: =COUNTIF($G98:$AZ98,BC$1) -> 0 | BD98: =COUNTIF($G98:$AZ98,BD$1) -> 0 | BE98: =COUNTIF($G98:$AZ98,BE$1) -> 10 | BF98: =COUNTIF($G98:$AZ98,BF$1) -> 0 | BG98: =COUNTIF($G98:$AZ98,BG$1) -> 0
BA99: =SUM(BC99:BG99) -> 0 | BB99: =COUNTIF($G99:$AZ99,"0") -> 0 | BC99: =COUNTIF($G99:$AZ99,BC$1) -> 0 | BD99: =COUNTIF($G99:$AZ99,BD$1) -> 0 | BE99: =COUNTIF($G99:$AZ99,BE$1) -> 0 | BF99: =COUNTIF($G99:$AZ99,BF$1) -> 0 | BG99: =COUNTIF($G99:$AZ99,BG$1) -> 0
BA100: =SUM(BC100:BG100) -> 0 | BB100: =COUNTIF($G100:$AZ100,"0") -> 0 | BC100: =COUNTIF($G100:$AZ100,BC$1) -> 0 | BD100: =COUNTIF($G100:$AZ100,BD$1) -> 0 | BE100: =COUNTIF($G100:$AZ100,BE$1) -> 0 | BF100: =COUNTIF($G100:$AZ100,BF$1) -> 0 | BG100: =COUNTIF($G100:$AZ100,BG$1) -> 0
...

Sheet Schedule May_26
G1: 46129 | H1: 46130 | I1: 46131 | J1: 46132 | K1: 46133 | L1: 46134 | M1: 46135 | N1: 46136 | O1: 46137 | P1: 46138 | Q1: 46139 | R1: 46140 | S1: 46141 | T1: 46142 | U1: 46143 | V1: 46144 | W1: 46145 | X1: 46146 | Y1: 46147 | Z1: 46148 | AA1: 46149 | AB1: 46150 | AC1: 46151 | AD1: 46152 | AE1: 46153 | AF1: 46154 | AG1: 46155 | AH1: 46156 | AI1: 46157 | AJ1: 46158 | AK1: 46159 | AL1: 46160 | AM1: 46161 | AN1: 46162 | AO1: 46163 | AP1: 46164 | AQ1: 46165 | AR1: 46166 | AS1: 46167 | AT1: 46168 | AU1: 46169 | AV1: 46170 | AW1: 46171 | AY1: Workdays | AZ1: Day off | BA1: A | BB1: B | BC1: C | BD1: D | BE1: E
A2: No. | B2: New | D2: NAME | F2: POSITION | G2: =CHOOSE(WEEKDAY(G1),"Sun","Mon","Tue","Wed","Thu","Fri","Sat") -> Fri | H2: =CHOOSE(WEEKDAY(H1),"Sun","Mon","Tue","Wed","Thu","Fri","Sat") -> Sat | I2: =CHOOSE(WEEKDAY(I1),"Sun","Mon","Tue","Wed","Thu","Fri","Sat") -> Sun | J2: =CHOOSE(WEEKDAY(J1),"Sun","Mon","Tue","Wed","Thu","Fri","Sat") -> Mon | K2: =CHOOSE(WEEKDAY(K1),"Sun","Mon","Tue","Wed","Thu","Fri","Sat") -> Tue | L2: =CHOOSE(WEEKDAY(L1),"Sun","Mon","Tue","Wed","Thu","Fri","Sat") -> Wed | M2: =CHOOSE(WEEKDAY(M1),"Sun","Mon","Tue","Wed","Thu","Fri","Sat") -> Thu | N2: =CHOOSE(WEEKDAY(N1),"Sun","Mon","Tue","Wed","Thu","Fri","Sat") -> Fri | ... AW2: =CHOOSE(WEEKDAY(AW1),"Sun","Mon","Tue","Wed","Thu","Fri","Sat") -> Fri
G3: =COUNTIF(G28:G120,"<>0") -> 89 | H3: =COUNTIF(H28:H120,"<>0") -> 56 | I3: =COUNTIF(I28:I120,"<>0") -> 48 | J3: =COUNTIF(J28:J120,"<>0") -> 74 | K3: =COUNTIF(K28:K120,"<>0") -> 89 | L3: =COUNTIF(L28:L120,"<>0") -> 89 | M3: =COUNTIF(M28:M120,"<>0") -> 89 | N3: =COUNTIF(N28:N120,"<>0") -> 89 | ... AW3: =COUNTIF(AW28:AW120,"<>0") -> 87
A4: 1 | B4: AT10 | C4: AT1 | D4: Lê Huỳnh Minh Anh | E4: anh.le | F4: Agent | G4: D | H4: D | I4: 0 | J4: D | K4: D | L4: D | M4: D | N4: D | O4: 0 | P4: D | Q4: D | R4: D | S4: D | T4: D | U4: D | V4: 0 | W4: D | X4: D | Y4: D | Z4: D | AA4: D | AB4: D | AC4: D | AD4: 0 | AE4: D | AF4: D | AG4: D | AH4: D | AI4: D | AJ4: D | AK4: D | AL4: 0 | AM4: D | AN4: D | AO4: D | AP4: D | AQ4: D | AR4: 0 | AS4: D | AT4: D | AU4: D | AV4: D | AW4: D | AY4: =SUM(BA4:BE4) -> 20 | AZ4: =COUNTIF($G4:$AT4,"0") -> 6 | BA4: =COUNTIF($G4:$AC4,BA$1) -> 0 | BB4: =COUNTIF($G4:$AC4,BB$1) -> 0 | BC4: =COUNTIF($G4:$AC4,BC$1) -> 0 | BD4: =COUNTIF($G4:$AC4,BD$1) -> 20 | BE4: =COUNTIF($G4:$AC4,BE$1) -> 0
A5: 2 | B5: AT11 | C5: AT1 | D5: Bùi Lập Duy | E5: duy.bui | F5: Agent | G5: A | H5: 0 | I5: D | J5: D | K5: D | L5: D | M5: D | N5: D | O5: D | P5: 0 | Q5: D | R5: D | S5: D | T5: D | U5: D | V5: D | W5: D | X5: 0 | Y5: D | Z5: D | AA5: D | AB5: D | AC5: D | AD5: 0 | AE5: D | AF5: D | AG5: D | AH5: D | AI5: D | AJ5: D | AK5: 0 | AL5: D | AM5: D | AN5: D | AO5: D | AP5: D | AQ5: D | AR5: 0 | AS5: D | AT5: D | AU5: D | AV5: D | AW5: D | AY5: =SUM(BA5:BE5) -> 20 | AZ5: =COUNTIF($G5:$AT5,"0") -> 6 | BA5: =COUNTIF($G5:$AC5,BA$1) -> 1 | BB5: =COUNTIF($G5:$AC5,BB$1) -> 0 | BC5: =COUNTIF($G5:$AC5,BC$1) -> 0 | BD5: =COUNTIF($G5:$AC5,BD$1) -> 19 | BE5: =COUNTIF($G5:$AC5,BE$1) -> 0
A6: 3 | B6: AT1 | C6: AT1 | D6: Hoàng Lạp Kim | E6: kim.hoanglap | F6: Agent | G6: D | H6: D | I6: D | J6: 0 | K6: D | L6: D | M6: D | N6: D | O6: D | P6: 0 | Q6: D | R6: D | S6: D | T6: D | U6: D | V6: D | W6: D | X6: 0 | Y6: D | Z6: D | AA6: D | AB6: D | AC6: D | AD6: 0 | AE6: D | AF6: D | AG6: D | AH6: D | AI6: D | AJ6: D | AK6: D | AL6: 0 | AM6: D | AN6: D | AO6: D | AP6: D | AQ6: D | AR6: 0 | AS6: D | AT6: D | AU6: D | AV6: D | AW6: D | AY6: =SUM(BA6:BE6) -> 20 | AZ6: =COUNTIF($G6:$AT6,"0") -> 6 | BA6: =COUNTIF($G6:$AC6,BA$1) -> 0 | BB6: =COUNTIF($G6:$AC6,BB$1) -> 0 | BC6: =COUNTIF($G6:$AC6,BC$1) -> 0 | BD6: =COUNTIF($G6:$AC6,BD$1) -> 20 | BE6: =COUNTIF($G6:$AC6,BE$1) -> 0
A7: 4 | B7: AT1 | C7: AT1 | D7: Nguyễn Thành Nam | E7: nam.nguyenthanh | F7: Agent | G7: D | H7: D | I7: 0 | J7: D | K7: D | L7: D | M7: D | N7: D | O7: D | P7: D | Q7: 0 | R7: D | S7: D | T7: D | U7: D | V7: D | W7: 0 | X7: D | Y7: D | Z7: D | AA7: D | AB7: D | AC7: D | AD7: 0 | AE7: D | AF7: D | AG7: D | AH7: D | AI7: D | AJ7: D | AK7: 0 | AL7: D | AM7: D | AN7: D | AO7: D | AP7: D | AQ7: D | AR7: 0 | AS7: D | AT7: D | AU7: D | AV7: D | AW7: D | AY7: =SUM(BA7:BE7) -> 20 | AZ7: =COUNTIF($G7:$AT7,"0") -> 6 | BA7: =COUNTIF($G7:$AC7,BA$1) -> 0 | BB7: =COUNTIF($G7:$AC7,BB$1) -> 0 | BC7: =COUNTIF($G7:$AC7,BC$1) -> 0 | BD7: =COUNTIF($G7:$AC7,BD$1) -> 20 | BE7: =COUNTIF($G7:$AC7,BE$1) -> 0
A8: 5 | B8: AT2 | C8: AT1 | D8: Phan Trung Phong | E8: phong.phantrung | F8: Agent | G8: D | H8: D | I8: 0 | J8: D | K8: D | L8: D | M8: D | N8: D | O8: D | P8: 0 | Q8: D | R8: D | S8: D | T8: D | U8: D | V8: D | W8: D | X8: 0 | Y8: D | Z8: D | AA8: D | AB8: D | AC8: D | AD8: 0 | AE8: D | AF8: D | AG8: D | AH8: D | AI8: D | AJ8: D | AK8: D | AL8: 0 | AM8: D | AN8: D | AO8: D | AP8: D | AQ8: D | AR8: 0 | AS8: D | AT8: D | AU8: D | AV8: D | AW8: D | AY8: =SUM(BA8:BE8) -> 20 | AZ8: =COUNTIF($G8:$AT8,"0") -> 6 | BA8: =COUNTIF($G8:$AC8,BA$1) -> 0 | BB8: =COUNTIF($G8:$AC8,BB$1) -> 0 | BC8: =COUNTIF($G8:$AC8,BC$1) -> 0 | BD8: =COUNTIF($G8:$AC8,BD$1) -> 20 | BE8: =COUNTIF($G8:$AC8,BE$1) -> 0
A9: 6 | B9: AT2 | C9: AT1 | D9: Nguyễn Hoàng Thiên Ân | E9: an.nguyen | F9: Agent | G9: D | H9: D | I9: D | J9: 0 | K9: D | L9: D | M9: D | N9: D | O9: D | P9: 0 | Q9: D | R9: D | S9: D | T9: D | U9: D | V9: D | W9: 0 | X9: D | Y9: D | Z9: D | AA9: D | AB9: D | AC9: D | AD9: 0 | AE9: D | AF9: D | AG9: D | AH9: D | AI9: D | AJ9: D | AK9: D | AL9: 0 | AM9: D | AN9: D | AO9: D | AP9: D | AQ9: D | AR9: 0 | AS9: D | AT9: D | AU9: D | AV9: D | AW9: D | AY9: =SUM(BA9:BE9) -> 20 | AZ9: =COUNTIF($G9:$AT9,"0") -> 6 | BA9: =COUNTIF($G9:$AC9,BA$1) -> 0 | BB9: =COUNTIF($G9:$AC9,BB$1) -> 0 | BC9: =COUNTIF($G9:$AC9,BC$1) -> 0 | BD9: =COUNTIF($G9:$AC9,BD$1) -> 20 | BE9: =COUNTIF($G9:$AC9,BE$1) -> 0
A10: 7 | B10: AT2 | C10: AT2 | D10: Nguyễn Trung Kiên | E10: kien.nguyen | F10: Agent | G10: D | H10: D | I10: 0 | J10: D | K10: D | L10: D | M10: D | N10: D | O10: D | P10: 0 | Q10: D | R10: D | S10: D | T10: D | U10: D | V10: D | W10: 0 | X10: D | Y10: D | Z10: D | AA10: D | AB10: D | AC10: D | AD10: D | AE10: 0 | AF10: D | AG10: D | AH10: D | AI10: D | AJ10: D | AK10: 0 | AL10: D | AM10: D | AN10: D | AO10: D | AP10: D | AQ10: D | AR10: 0 | AS10: D | AT10: D | AU10: D | AV10: D | AW10: D | AY10: =SUM(BA10:BE10) -> 20 | AZ10: =COUNTIF($G10:$AT10,"0") -> 6 | BA10: =COUNTIF($G10:$AC10,BA$1) -> 0 | BB10: =COUNTIF($G10:$AC10,BB$1) -> 0 | BC10: =COUNTIF($G10:$AC10,BC$1) -> 0 | BD10: =COUNTIF($G10:$AC10,BD$1) -> 20 | BE10: =COUNTIF($G10:$AC10,BE$1) -> 0
A11: 8 | B11: AT3 | C11: AT2 | D11: Nguyễn Trần Khai Nguyên | E11: nguyen.nguyentran | F11: Agent | G11: D | H11: D | I11: 0 | J11: D | K11: D | L11: D | M11: D | N11: D | O11: D | P11: D | Q11: 0 | R11: D | S11: D | T11: D | U11: D | V11: D | W11: 0 | X11: D | Y11: D | Z11: D | AA11: D | AB11: D | AC11: D | AD11: D | AE11: 0 | AF11: D | AG11: D | AH11: D | AI11: D | AJ11: D | AK11: 0 | AL11: D | AM11: D | AN11: D | AO11: D | AP11: D | AQ11: D | AR11: D | AS11: 0 | AT11: D | AU11: D | AV11: D | AW11: D | AY11: =SUM(BA11:BE11) -> 20 | AZ11: =COUNTIF($G11:$AT11,"0") -> 6 | BA11: =COUNTIF($G11:$AC11,BA$1) -> 0 | BB11: =COUNTIF($G11:$AC11,BB$1) -> 0 | BC11: =COUNTIF($G11:$AC11,BC$1) -> 0 | BD11: =COUNTIF($G11:$AC11,BD$1) -> 20 | BE11: =COUNTIF($G11:$AC11,BE$1) -> 0
A12: 9 | B12: AT3 | C12: AT2 | D12: Hồ Trọng Thiện | E12: thien.ht | F12: Agent | G12: D | H12: D | I12: D | J12: 0 | K12: D | L12: D | M12: D | N12: D | O12: D | P12: D | Q12: 0 | R12: D | S12: D | T12: D | U12: D | V12: D | W12: 0 | X12: D | Y12: D | Z12: D | AA12: D | AB12: D | AC12: D | AD12: D | AE12: 0 | AF12: D | AG12: D | AH12: D | AI12: D | AJ12: D | AK12: 0 | AL12: D | AM12: D | AN12: D | AO12: D | AP12: D | AQ12: D | AR12: D | AS12: 0 | AT12: D | AU12: D | AV12: D | AW12: D | AY12: =SUM(BA12:BE12) -> 20 | AZ12: =COUNTIF($G12:$AT12,"0") -> 6 | BA12: =COUNTIF($G12:$AC12,BA$1) -> 0 | BB12: =COUNTIF($G12:$AC12,BB$1) -> 0 | BC12: =COUNTIF($G12:$AC12,BC$1) -> 0 | BD12: =COUNTIF($G12:$AC12,BD$1) -> 20 | BE12: =COUNTIF($G12:$AC12,BE$1) -> 0
A13: 10 | B13: AT3 | C13: AT2 | D13: Phan Thị Trúc Linh | E13: linh.ptt | F13: Agent | G13: D | H13: D | I13: D | J13: 0 | K13: D | L13: D | M13: D | N13: D | O13: D | P13: D | Q13: 0 | R13: D | S13: D | T13: D | U13: D | V13: D | W13: 0 | X13: D | Y13: D | Z13: D | AA13: D | AB13: D | AC13: D | AD13: D | AE13: 0 | AF13: D | AG13: D | AH13: D | AI13: D | AJ13: D | AK13: D | AL13: 0 | AM13: D | AN13: D | AO13: D | AP13: D | AQ13: D | AR13: D | AS13: 0 | AT13: D | AU13: D | AV13: D | AW13: D | AY13: =SUM(BA13:BE13) -> 20 | AZ13: =COUNTIF($G13:$AT13,"0") -> 6 | BA13: =COUNTIF($G13:$AC13,BA$1) -> 0 | BB13: =COUNTIF($G13:$AC13,BB$1) -> 0 | BC13: =COUNTIF($G13:$AC13,BC$1) -> 0 | BD13: =COUNTIF($G13:$AC13,BD$1) -> 20 | BE13: =COUNTIF($G13:$AC13,BE$1) -> 0
A14: 11 | B14: AT7 | C14: AT2 | D14: Lê Khương Duy | E14: duy.le | F14: Agent | G14: D | H14: 0 | I14: D | J14: D | K14: D | L14: D | M14: D | N14: D | O14: 0 | P14: D | Q14: D | R14: D | S14: D | T14: D | U14: D | V14: D | W14: 0 | X14: D | Y14: D | Z14: D | AA14: D | AB14: D | AC14: D | AD14: D | AE14: 0 | AF14: D | AG14: D | AH14: D | AI14: D | AJ14: D | AK14: D | AL14: 0 | AM14: D | AN14: D | AO14: D | AP14: D | AQ14: D | AR14: D | AS14: 0 | AT14: D | AU14: D | AV14: D | AW14: D | AY14: =SUM(BA14:BE14) -> 20 | AZ14: =COUNTIF($G14:$AT14,"0") -> 6 | BA14: =COUNTIF($G14:$AC14,BA$1) -> 0 | BB14: =COUNTIF($G14:$AC14,BB$1) -> 0 | BC14: =COUNTIF($G14:$AC14,BC$1) -> 0 | BD14: =COUNTIF($G14:$AC14,BD$1) -> 20 | BE14: =COUNTIF($G14:$AC14,BE$1) -> 0
A15: 12 | B15: AT8 | C15: AT3 | D15: Phan Hoàng Chin Na | E15: na.phc | F15: Agent | G15: D | H15: D | I15: 0 | J15: D | K15: D | L15: D | M15: D | N15: D | O15: D | P15: D | Q15: 0 | R15: D | S15: D | T15: D | U15: D | V15: D | W15: 0 | X15: D | Y15: D | Z15: D | AA15: D | AB15: D | AC15: D | AD15: 0 | AE15: D | AF15: D | AG15: D | AH15: D | AI15: D | AJ15: D | AK15: D | AL15: 0 | AM15: D | AN15: D | AO15: D | AP15: D | AQ15: D | AR15: D | AS15: 0 | AT15: D | AU15: D | AV15: D | AW15: D | AY15: =SUM(BA15:BE15) -> 20 | AZ15: =COUNTIF($G15:$AT15,"0") -> 6 | BA15: =COUNTIF($G15:$AC15,BA$1) -> 0 | BB15: =COUNTIF($G15:$AC15,BB$1) -> 0 | BC15: =COUNTIF($G15:$AC15,BC$1) -> 0 | BD15: =COUNTIF($G15:$AC15,BD$1) -> 20 | BE15: =COUNTIF($G15:$AC15,BE$1) -> 0
A16: 13 | B16: AT8 | C16: AT3 | D16: Nguyễn Khánh Duy | E16: duy.nk | F16: Agent | G16: D | H16: D | I16: 0 | J16: D | K16: D | L16: D | M16: D | N16: D | O16: D | P16: 0 | Q16: D | R16: D | S16: D | T16: D | U16: D | V16: D | W16: D | X16: 0 | Y16: D | Z16: D | AA16: D | AB16: D | AC16: D | AD16: D | AE16: 0 | AF16: D | AG16: D | AH16: D | AI16: D | AJ16: D | AK16: D | AL16: 0 | AM16: D | AN16: D | AO16: D | AP16: D | AQ16: D | AR16: 0 | AS16: D | AT16: D | AU16: D | AV16: D | AW16: D | AY16: =SUM(BA16:BE16) -> 20 | AZ16: =COUNTIF($G16:$AT16,"0") -> 6 | BA16: =COUNTIF($G16:$AC16,BA$1) -> 0 | BB16: =COUNTIF($G16:$AC16,BB$1) -> 0 | BC16: =COUNTIF($G16:$AC16,BC$1) -> 0 | BD16: =COUNTIF($G16:$AC16,BD$1) -> 20 | BE16: =COUNTIF($G16:$AC16,BE$1) -> 0
A17: 14 | B17: AT9 | C17: AT3 | D17: Võ Tuấn Vĩ | E17: vi.votuan | F17: Agent | G17: D | H17: 0 | I17: D | J17: D | K17: D | L17: D | M17: D | N17: D | O17: D | P17: 0 | Q17: D | R17: D | S17: D | T17: D | U17: D | V17: D | W17: D | X17: 0 | Y17: D | Z17: D | AA17: D | AB17: D | AC17: D | AD17: D | AE17: 0 | AF17: D | AG17: D | AH17: D | AI17: D | AJ17: D | AK17: D | AL17: 0 | AM17: D | AN17: D | AO17: D | AP17: D | AQ17: D | AR17: D | AS17: 0 | AT17: D | AU17: D | AV17: D | AW17: D | AY17: =SUM(BA17:BE17) -> 20 | AZ17: =COUNTIF($G17:$AT17,"0") -> 6 | BA17: =COUNTIF($G17:$AC17,BA$1) -> 0 | BB17: =COUNTIF($G17:$AC17,BB$1) -> 0 | BC17: =COUNTIF($G17:$AC17,BC$1) -> 0 | BD17: =COUNTIF($G17:$AC17,BD$1) -> 20 | BE17: =COUNTIF($G17:$AC17,BE$1) -> 0
A18: 16 | B18: AT9 | C18: AT3 | D18: Nguyễn Phương Nam | E18: nam.np | F18: Agent | G18: D | H18: D | I18: 0 | J18: D | K18: D | L18: D | M18: D | N18: D | O18: 0 | P18: D | Q18: D | R18: D | S18: D | T18: D | U18: D | V18: 0 | W18: D | X18: D | Y18: D | Z18: D | AA18: D | AB18: D | AC18: 0 | AD18: D | AE18: D | AF18: D | AG18: D | AH18: D | AI18: D | AJ18: D | AK18: 0 | AL18: D | AM18: D | AN18: D | AO18: D | AP18: D | AQ18: D | AR18: D | AS18: 0 | AT18: D | AU18: D | AV18: D | AW18: D | AY18: =SUM(BA18:BE18) -> 19 | AZ18: =COUNTIF($G18:$AT18,"0") -> 6 | BA18: =COUNTIF($G18:$AC18,BA$1) -> 0 | BB18: =COUNTIF($G18:$AC18,BB$1) -> 0 | BC18: =COUNTIF($G18:$AC18,BC$1) -> 0 | BD18: =COUNTIF($G18:$AC18,BD$1) -> 19 | BE18: =COUNTIF($G18:$AC18,BE$1) -> 0
A19: 17 | B19: AT10 | C19: AT3 | D19: Phạm Sỹ Thái | E19: thai.ps | F19: Agent | G19: D | H19: D | I19: 0 | J19: D | K19: D | L19: D | M19: D | N19: D | O19: 0 | P19: D | Q19: D | R19: D | S19: D | T19: D | U19: D | V19: 0 | W19: D | X19: D | Y19: D | Z19: D | AA19: D | AB19: D | AC19: 0 | AD19: D | AE19: D | AF19: D | AG19: D | AH19: D | AI19: D | AJ19: D | AK19: 0 | AL19: D | AM19: D | AN19: D | AO19: D | AP19: D | AQ19: D | AR19: D | AS19: 0 | AT19: D | AU19: D | AV19: D | AW19: D | AY19: =SUM(BA19:BE19) -> 19 | AZ19: =COUNTIF($G19:$AT19,"0") -> 6 | BA19: =COUNTIF($G19:$AC19,BA$1) -> 0 | BB19: =COUNTIF($G19:$AC19,BB$1) -> 0 | BC19: =COUNTIF($G19:$AC19,BC$1) -> 0 | BD19: =COUNTIF($G19:$AC19,BD$1) -> 19 | BE19: =COUNTIF($G19:$AC19,BE$1) -> 0
A20: 18 | B20: AT1 | C20: AT4 | D20: Phạm Đỗ Duy Quang | E20: quang.phamdoduy | F20: Agent | G20: D | H20: D | I20: D | J20: 0 | K20: D | L20: D | M20: D | N20: D | O20: D | P20: 0 | Q20: D | R20: D | S20: D | T20: D | U20: D | V20: D | W20: D | X20: 0 | Y20: D | Z20: D | AA20: D | AB20: D | AC20: D | AD20: 0 | AE20: A | AF20: A | AG20: A | AH20: A | AI20: A | AJ20: A | AK20: 0 | AL20: A | AM20: A | AN20: A | AO20: A | AP20: A | AQ20: A | AR20: 0 | AS20: A | AT20: A | AU20: A | AV20: A | AW20: A | AY20: =SUM(BA20:BE20) -> 20 | AZ20: =COUNTIF($G20:$AT20,"0") -> 6 | BA20: =COUNTIF($G20:$AC20,BA$1) -> 0 | BB20: =COUNTIF($G20:$AC20,BB$1) -> 0 | BC20: =COUNTIF($G20:$AC20,BC$1) -> 0 | BD20: =COUNTIF($G20:$AC20,BD$1) -> 20 | BE20: =COUNTIF($G20:$AC20,BE$1) -> 0
A21: 19 | B21: AT4 | C21: AT4 | D21: Nguyễn Hoàng Phú | E21: phu.nguyenhoang | F21: Agent | G21: A | H21: 0 | I21: A | J21: A | K21: A | L21: A | M21: A | N21: A | O21: A | P21: 0 | Q21: A | R21: A | S21: A | T21: A | U21: A | V21: 0 | W21: A | X21: A | Y21: A | Z21: A | AA21: A | AB21: A | AC21: 0 | AD21: A | AE21: A | AF21: A | AG21: A | AH21: A | AI21: A | AJ21: A | AK21: 0 | AL21: A | AM21: A | AN21: A | AO21: A | AP21: A | AQ21: A | AR21: 0 | AS21: A | AT21: A | AU21: A | AV21: A | AW21: A | AY21: =SUM(BA21:BE21) -> 19 | AZ21: =COUNTIF($G21:$AT21,"0") -> 6 | BA21: =COUNTIF($G21:$AC21,BA$1) -> 19 | BB21: =COUNTIF($G21:$AC21,BB$1) -> 0 | BC21: =COUNTIF($G21:$AC21,BC$1) -> 0 | BD21: =COUNTIF($G21:$AC21,BD$1) -> 0 | BE21: =COUNTIF($G21:$AC21,BE$1) -> 0
A22: 20 | B22: AT1 | C22: AT4 | D22: Trần Gia Huy | E22: huy.tran | F22: Agent | G22: D | H22: D | I22: D | J22: 0 | K22: D | L22: D | M22: D | N22: D | O22: D | P22: 0 | Q22: D | R22: D | S22: D | T22: D | U22: D | V22: D | W22: D | X22: 0 | Y22: D | Z22: D | AA22: D | AB22: D | AC22: D | AD22: 0 | AE22: A | AF22: A | AG22: A | AH22: A | AI22: A | AJ22: A | AK22: 0 | AL22: A | AM22: A | AN22: A | AO22: A | AP22: A | AQ22: A | AR22: 0 | AS22: A | AT22: A | AU22: A | AV22: A | AW22: A | AY22: =SUM(BA22:BE22) -> 20 | AZ22: =COUNTIF($G22:$AT22,"0") -> 6 | BA22: =COUNTIF($G22:$AC22,BA$1) -> 0 | BB22: =COUNTIF($G22:$AC22,BB$1) -> 0 | BC22: =COUNTIF($G22:$AC22,BC$1) -> 0 | BD22: =COUNTIF($G22:$AC22,BD$1) -> 20 | BE22: =COUNTIF($G22:$AC22,BE$1) -> 0
A23: 21 | B23: AT4 | C23: AT4 | D23: Ngô Diễm Thùy | E23: thuy.ngodiem | F23: Agent | G23: A | H23: 0 | I23: A | J23: A | K23: A | L23: A | M23: A | N23: A | O23: A | P23: 0 | Q23: A | R23: A | S23: A | T23: A | U23: A | V23: 0 | W23: A | X23: A | Y23: A | Z23: A | AA23: A | AB23: A | AC23: 0 | AD23: A | AE23: A | AF23: A | AG23: A | AH23: A | AI23: A | AJ23: 0 | AK23: A | AL23: A | AM23: A | AN23: A | AO23: A | AP23: A | AQ23: 0 | AR23: A | AS23: A | AT23: A | AU23: A | AV23: A | AW23: A | AY23: =SUM(BA23:BE23) -> 19 | AZ23: =COUNTIF($G23:$AT23,"0") -> 6 | BA23: =COUNTIF($G23:$AC23,BA$1) -> 19 | BB23: =COUNTIF($G23:$AC23,BB$1) -> 0 | BC23: =COUNTIF($G23:$AC23,BC$1) -> 0 | BD23: =COUNTIF($G23:$AC23,BD$1) -> 0 | BE23: =COUNTIF($G23:$AC23,BE$1) -> 0
A24: 22 | B24: AT4 | C24: AT4 | D24: Nguyễn Mai Việt Tính | E24: tinh.nguyenmaiviet | F24: Agent | G24: A | H24: 0 | I24: A | J24: A | K24: A | L24: A | M24: A | N24: A | O24: 0 | P24: A | Q24: A | R24: A | S24: A | T24: A | U24: A | V24: 0 | W24: A | X24: A | Y24: A | Z24: A | AA24: A | AB24: A | AC24: 0 | AD24: A | AE24: A | AF24: A | AG24: A | AH24: A | AI24: A | AJ24: 0 | AK24: A | AL24: A | AM24: A | AN24: A | AO24: A | AP24: A | AQ24: A | AR24: 0 | AS24: A | AT24: A | AU24: A | AV24: A | AW24: A | AY24: =SUM(BA24:BE24) -> 19 | AZ24: =COUNTIF($G24:$AT24,"0") -> 6 | BA24: =COUNTIF($G24:$AC24,BA$1) -> 19 | BB24: =COUNTIF($G24:$AC24,BB$1) -> 0 | BC24: =COUNTIF($G24:$AC24,BC$1) -> 0 | BD24: =COUNTIF($G24:$AC24,BD$1) -> 0 | BE24: =COUNTIF($G24:$AC24,BE$1) -> 0
A25: 23 | B25: AT9 | C25: AT4 | D25: Nhâm Bổn Tường | E25: tuong.nhambon | F25: Agent | G25: A | H25: 0 | I25: A | J25: A | K25: A | L25: A | M25: A | N25: A | O25: 0 | P25: A | Q25: A | R25: A | S25: A | T25: A | U25: A | V25: A | W25: 0 | X25: A | Y25: A | Z25: A | AA25: A | AB25: A | AC25: A | AD25: 0 | AE25: A | AF25: A | AG25: A | AH25: A | AI25: A | AJ25: A | AK25: 0 | AL25: A | AM25: A | AN25: A | AO25: A | AP25: A | AQ25: A | AR25: 0 | AS25: A | AT25: A | AU25: A | AV25: A | AW25: A | AY25: =SUM(BA25:BE25) -> 20 | AZ25: =COUNTIF($G25:$AT25,"0") -> 6 | BA25: =COUNTIF($G25:$AC25,BA$1) -> 20 | BB25: =COUNTIF($G25:$AC25,BB$1) -> 0 | BC25: =COUNTIF($G25:$AC25,BC$1) -> 0 | BD25: =COUNTIF($G25:$AC25,BD$1) -> 0 | BE25: =COUNTIF($G25:$AC25,BE$1) -> 0
A26: 24 | B26: AT5 | C26: AT5 | D26: Nguyễn Bảo Thái Tú | E26: tu.nbt | F26: Agent | G26: A | H26: A | I26: 0 | J26: A | K26: A | L26: A | M26: A | N26: A | O26: A | P26: A | Q26: 0 | R26: A | S26: A | T26: A | U26: A | V26: A | W26: 0 | X26: A | Y26: A | Z26: A | AA26: A | AB26: A | AC26: A | AD26: A | AE26: 0 | AF26: A | AG26: A | AH26: A | AI26: A | AJ26: A | AK26: 0 | AL26: A | AM26: A | AN26: A | AO26: A | AP26: A | AQ26: A | AR26: 0 | AS26: A | AT26: A | AU26: A | AV26: A | AW26: A | AY26: =SUM(BA26:BE26) -> 20 | AZ26: =COUNTIF($G26:$AT26,"0") -> 6 | BA26: =COUNTIF($G26:$AC26,BA$1) -> 20 | BB26: =COUNTIF($G26:$AC26,BB$1) -> 0 | BC26: =COUNTIF($G26:$AC26,BC$1) -> 0 | BD26: =COUNTIF($G26:$AC26,BD$1) -> 0 | BE26: =COUNTIF($G26:$AC26,BE$1) -> 0
A27: 25 | B27: AT5 | C27: AT5 | D27: Phạm Công Danh | E27: danh.phamcong | F27: Agent | G27: A | H27: A | I27: 0 | J27: A | K27: A | L27: A | M27: A | N27: A | O27: A | P27: A | Q27: 0 | R27: A | S27: A | T27: A | U27: A | V27: A | W27: 0 | X27: A | Y27: A | Z27: A | AA27: A | AB27: A | AC27: A | AD27: A | AE27: 0 | AF27: A | AG27: A | AH27: A | AI27: A | AJ27: A | AK27: 0 | AL27: A | AM27: A | AN27: A | AO27: A | AP27: A | AQ27: 0 | AR27: A | AS27: A | AT27: A | AU27: A | AV27: A | AW27: A | AY27: =SUM(BA27:BE27) -> 20 | AZ27: =COUNTIF($G27:$AT27,"0") -> 6 | BA27: =COUNTIF($G27:$AC27,BA$1) -> 20 | BB27: =COUNTIF($G27:$AC27,BB$1) -> 0 | BC27: =COUNTIF($G27:$AC27,BC$1) -> 0 | BD27: =COUNTIF($G27:$AC27,BD$1) -> 0 | BE27: =COUNTIF($G27:$AC27,BE$1) -> 0
A28: 26 | B28: AT6 | C28: AT5 | D28: Nguyễn Quốc Duy | E28: duy.nguyenquoc | F28: Agent | G28: A | H28: A | I28: A | J28: 0 | K28: A | L28: A | M28: A | N28: A | O28: A | P28: 0 | Q28: A | R28: A | S28: A | T28: A | U28: A | V28: 0 | W28: A | X28: A | Y28: A | Z28: A | AA28: A | AB28: A | AC28: 0 | AD28: A | AE28: A | AF28: A | AG28: A | AH28: A | AI28: A | AJ28: 0 | AK28: A | AL28: A | AM28: A | AN28: A | AO28: A | AP28: A | AQ28: 0 | AR28: A | AS28: A | AT28: A | AU28: A | AV28: A | AW28: A | AY28: =SUM(BA28:BE28) -> 19 | AZ28: =COUNTIF($G28:$AT28,"0") -> 6 | BA28: =COUNTIF($G28:$AC28,BA$1) -> 19 | BB28: =COUNTIF($G28:$AC28,BB$1) -> 0 | BC28: =COUNTIF($G28:$AC28,BC$1) -> 0 | BD28: =COUNTIF($G28:$AC28,BD$1) -> 0 | BE28: =COUNTIF($G28:$AC28,BE$1) -> 0
A29: 27 | B29: AT6 | C29: AT5 | D29: Trương Thị Như Ngọc | E29: ngoc.truong | F29: Agent | G29: A | H29: A | I29: A | J29: 0 | K29: A | L29: A | M29: A | N29: A | O29: A | P29: 0 | Q29: A | R29: A | S29: A | T29: A | U29: A | V29: 0 | W29: A | X29: A | Y29: A | Z29: A | AA29: A | AB29: A | AC29: 0 | AD29: A | AE29: A | AF29: A | AG29: A | AH29: A | AI29: A | AJ29: 0 | AK29: A | AL29: A | AM29: A | AN29: A | AO29: A | AP29: A | AQ29: 0 | AR29: A | AS29: A | AT29: A | AU29: A | AV29: A | AW29: A | AY29: =SUM(BA29:BE29) -> 19 | AZ29: =COUNTIF($G29:$AT29,"0") -> 6 | BA29: =COUNTIF($G29:$AC29,BA$1) -> 19 | BB29: =COUNTIF($G29:$AC29,BB$1) -> 0 | BC29: =COUNTIF($G29:$AC29,BC$1) -> 0 | BD29: =COUNTIF($G29:$AC29,BD$1) -> 0 | BE29: =COUNTIF($G29:$AC29,BE$1) -> 0
A30: 28 | B30: AT5 | C30: AT5 | D30: Trần Thanh Hà | E30: thanhha.tran | F30: Sr Agent | G30: A | H30: A | I30: 0 | J30: A | K30: A | L30: A | M30: A | N30: A | O30: A | P30: A | Q30: 0 | R30: A | S30: A | T30: A | U30: A | V30: A | W30: 0 | X30: A | Y30: A | Z30: A | AA30: A | AB30: A | AC30: 0 | AD30: A | AE30: A | AF30: A | AG30: A | AH30: A | AI30: A | AJ30: 0 | AK30: A | AL30: A | AM30: A | AN30: A | AO30: A | AP30: A | AQ30: 0 | AR30: A | AS30: A | AT30: A | AU30: A | AV30: A | AW30: A | AY30: =SUM(BA30:BE30) -> 19 | AZ30: =COUNTIF($G30:$AT30,"0") -> 6 | BA30: =COUNTIF($G30:$AC30,BA$1) -> 19 | BB30: =COUNTIF($G30:$AC30,BB$1) -> 0 | BC30: =COUNTIF($G30:$AC30,BC$1) -> 0 | BD30: =COUNTIF($G30:$AC30,BD$1) -> 0 | BE30: =COUNTIF($G30:$AC30,BE$1) -> 0
A31: 29 | B31: AT10 | C31: AT5 | D31: Nguyễn Đặng Ngọc Giàu | E31: giau.nguyen | F31: Sr Agent | G31: A | H31: A | I31: 0 | J31: A | K31: A | L31: A | M31: A | N31: A | O31: A | P31: 0 | Q31: A | R31: A | S31: A | T31: A | U31: A | V31: A | W31: 0 | X31: A | Y31: A | Z31: A | AA31: A | AB31: A | AC31: A | AD31: 0 | AE31: A | AF31: A | AG31: A | AH31: A | AI31: A | AJ31: A | AK31: A | AL31: 0 | AM31: A | AN31: A | AO31: A | AP31: A | AQ31: A | AR31: A | AS31: 0 | AT31: A | AU31: A | AV31: A | AW31: A | AY31: =SUM(BA31:BE31) -> 20 | AZ31: =COUNTIF($G31:$AT31,"0") -> 6 | BA31: =COUNTIF($G31:$AC31,BA$1) -> 20 | BB31: =COUNTIF($G31:$AC31,BB$1) -> 0 | BC31: =COUNTIF($G31:$AC31,BC$1) -> 0 | BD31: =COUNTIF($G31:$AC31,BD$1) -> 0 | BE31: =COUNTIF($G31:$AC31,BE$1) -> 0
A32: 30 | B32: AT6 | C32: AT6 | D32: Nguyễn Thành Quang | E32: quang.nguyenthanh | F32: Agent | G32: A | H32: A | I32: A | J32: 0 | K32: A | L32: A | M32: A | N32: A | O32: A | P32: 0 | Q32: A | R32: A | S32: A | T32: A | U32: A | V32: 0 | W32: A | X32: A | Y32: A | Z32: A | AA32: A | AB32: A | AC32: A | AD32: 0 | AE32: A | AF32: A | AG32: A | AH32: A | AI32: A | AJ32: A | AK32: A | AL32: 0 | AM32: A | AN32: A | AO32: A | AP32: A | AQ32: A | AR32: A | AS32: 0 | AT32: A | AU32: A | AV32: A | AW32: A | AY32: =SUM(BA32:BE32) -> 20 | AZ32: =COUNTIF($G32:$AT32,"0") -> 6 | BA32: =COUNTIF($G32:$AC32,BA$1) -> 20 | BB32: =COUNTIF($G32:$AC32,BB$1) -> 0 | BC32: =COUNTIF($G32:$AC32,BC$1) -> 0 | BD32: =COUNTIF($G32:$AC32,BD$1) -> 0 | BE32: =COUNTIF($G32:$AC32,BE$1) -> 0
A33: 31 | B33: AT6 | C33: AT6 | D33: Lưu Ngọc Mai | E33: mai.luungoc | F33: Agent | G33: A | H33: 0 | I33: A | J33: A | K33: A | L33: A | M33: A | N33: A | O33: A | P33: 0 | Q33: A | R33: A | S33: A | T33: A | U33: A | V33: A | W33: A | X33: 0 | Y33: A | Z33: A | AA33: A | AB33: A | AC33: 0 | AD33: A | AE33: A | AF33: A | AG33: A | AH33: A | AI33: A | AJ33: A | AK33: 0 | AL33: A | AM33: A | AN33: A | AO33: A | AP33: A | AQ33: A | AR33: A | AS33: 0 | AT33: A | AU33: A | AV33: A | AW33: A | AY33: =SUM(BA33:BE33) -> 19 | AZ33: =COUNTIF($G33:$AT33,"0") -> 6 | BA33: =COUNTIF($G33:$AC33,BA$1) -> 19 | BB33: =COUNTIF($G33:$AC33,BB$1) -> 0 | BC33: =COUNTIF($G33:$AC33,BC$1) -> 0 | BD33: =COUNTIF($G33:$AC33,BD$1) -> 0 | BE33: =COUNTIF($G33:$AC33,BE$1) -> 0
A34: 32 | B34: AT12 | C34: AT6 | D34: Nguyễn Thị Phương Anh | E34: anh.nguyen | F34: Agent | G34: A | H34: A | I34: 0 | J34: A | K34: A | L34: A | M34: A | N34: A | O34: A | P34: 0 | Q34: A | R34: A | S34: A | T34: A | U34: A | V34: A | W34: 0 | X34: A | Y34: A | Z34: A | AA34: A | AB34: A | AC34: A | AD34: 0 | AE34: A | AF34: A | AG34: A | AH34: A | AI34: A | AJ34: A | AK34: A | AL34: 0 | AM34: A | AN34: A | AO34: A | AP34: A | AQ34: A | AR34: A | AS34: 0 | AT34: A | AU34: A | AV34: A | AW34: A | AY34: =SUM(BA34:BE34) -> 20 | AZ34: =COUNTIF($G34:$AT34,"0") -> 6 | BA34: =COUNTIF($G34:$AC34,BA$1) -> 20 | BB34: =COUNTIF($G34:$AC34,BB$1) -> 0 | BC34: =COUNTIF($G34:$AC34,BC$1) -> 0 | BD34: =COUNTIF($G34:$AC34,BD$1) -> 0 | BE34: =COUNTIF($G34:$AC34,BE$1) -> 0
A35: 33 | B35: AT8 | C35: AT6 | D35: Trần Đình Tú | E35: dinhtu.tran | F35: Agent | G35: A | H35: A | I35: 0 | J35: A | K35: A | L35: A | M35: A | N35: A | O35: A | P35: 0 | Q35: A | R35: A | S35: A | T35: A | U35: A | V35: A | W35: A | X35: 0 | Y35: A | Z35: A | AA35: A | AB35: A | AC35: A | AD35: 0 | AE35: A | AF35: A | AG35: A | AH35: A | AI35: A | AJ35: A | AK35: A | AL35: 0 | AM35: A | AN35: A | AO35: A | AP35: A | AQ35: A | AR35: A | AS35: 0 | AT35: A | AU35: A | AV35: A | AW35: A | AY35: =SUM(BA35:BE35) -> 20 | AZ35: =COUNTIF($G35:$AT35,"0") -> 6 | BA35: =COUNTIF($G35:$AC35,BA$1) -> 20 | BB35: =COUNTIF($G35:$AC35,BB$1) -> 0 | BC35: =COUNTIF($G35:$AC35,BC$1) -> 0 | BD35: =COUNTIF($G35:$AC35,BD$1) -> 0 | BE35: =COUNTIF($G35:$AC35,BE$1) -> 0
A36: 34 | B36: AT7 | C36: AT6 | D36: Trần Hà Phương Uyên | E36: uyen.tran | F36: Agent | G36: A | H36: 0 | I36: A | J36: A | K36: A | L36: A | M36: A | N36: A | O36: 0 | P36: A | Q36: A | R36: A | S36: A | T36: A | U36: A | V36: A | W36: 0 | X36: A | Y36: A | Z36: A | AA36: A | AB36: A | AC36: A | AD36: A | AE36: 0 | AF36: A | AG36: A | AH36: A | AI36: A | AJ36: A | AK36: 0 | AL36: A | AM36: A | AN36: A | AO36: A | AP36: A | AQ36: A | AR36: 0 | AS36: A | AT36: A | AU36: A | AV36: A | AW36: A | AY36: =SUM(BA36:BE36) -> 20 | AZ36: =COUNTIF($G36:$AT36,"0") -> 6 | BA36: =COUNTIF($G36:$AC36,BA$1) -> 20 | BB36: =COUNTIF($G36:$AC36,BB$1) -> 0 | BC36: =COUNTIF($G36:$AC36,BC$1) -> 0 | BD36: =COUNTIF($G36:$AC36,BD$1) -> 0 | BE36: =COUNTIF($G36:$AC36,BE$1) -> 0
A37: 35 | B37: AT8 | C37: AT6 | D37: Đỗ Lê Quốc Thành | E37: thanh.dlq | F37: Agent | G37: A | H37: 0 | I37: A | J37: A | K37: A | L37: A | M37: A | N37: A | O37: 0 | P37: A | Q37: A | R37: A | S37: A | T37: A | U37: A | V37: A | W37: 0 | X37: A | Y37: A | Z37: A | AA37: A | AB37: A | AC37: A | AD37: A | AE37: 0 | AF37: A | AG37: A | AH37: A | AI37: A | AJ37: A | AK37: 0 | AL37: A | AM37: A | AN37: A | AO37: A | AP37: A | AQ37: A | AR37: 0 | AS37: A | AT37: A | AU37: A | AV37: A | AW37: A | AY37: =SUM(BA37:BE37) -> 20 | AZ37: =COUNTIF($G37:$AT37,"0") -> 6 | BA37: =COUNTIF($G37:$AC37,BA$1) -> 20 | BB37: =COUNTIF($G37:$AC37,BB$1) -> 0 | BC37: =COUNTIF($G37:$AC37,BC$1) -> 0 | BD37: =COUNTIF($G37:$AC37,BD$1) -> 0 | BE37: =COUNTIF($G37:$AC37,BE$1) -> 0
A38: 36 | B38: AT11 | C38: AT7 | D38: Nguyễn Đình Nam | E38: nam.nguyendinh | F38: Agent | G38: E | H38: 0 | I38: E | J38: E | K38: E | L38: E | M38: E | N38: E | O38: E | P38: 0 | Q38: E | R38: E | S38: E | T38: E | U38: E | V38: 0 | W38: E | X38: E | Y38: E | Z38: E | AA38: E | AB38: E | AC38: 0 | AD38: D | AE38: D | AF38: D | AG38: D | AH38: D | AI38: D | AJ38: D | AK38: 0 | AL38: D | AM38: D | AN38: D | AO38: D | AP38: D | AQ38: D | AR38: 0 | AS38: D | AT38: D | AU38: D | AV38: D | AW38: D | AY38: =SUM(BA38:BE38) -> 19 | AZ38: =COUNTIF($G38:$AT38,"0") -> 6 | BA38: =COUNTIF($G38:$AC38,BA$1) -> 0 | BB38: =COUNTIF($G38:$AC38,BB$1) -> 0 | BC38: =COUNTIF($G38:$AC38,BC$1) -> 0 | BD38: =COUNTIF($G38:$AC38,BD$1) -> 0 | BE38: =COUNTIF($G38:$AC38,BE$1) -> 19
A39: 37 | B39: AT12 | C39: AT7 | D39: Huỳnh Thị Thanh Huyền | E39: huyen.huynh | F39: Agent | G39: E | H39: E | I39: 0 | J39: E | K39: E | L39: E | M39: E | N39: E | O39: 0 | P39: E | Q39: E | R39: E | S39: E | T39: E | U39: E | V39: E | W39: 0 | X39: E | Y39: E | Z39: E | AA39: E | AB39: E | AC39: E | AD39: 0 | AE39: E | AF39: E | AG39: E | AH39: E | AI39: E | AJ39: E | AK39: 0 | AL39: E | AM39: E | AN39: E | AO39: E | AP39: E | AQ39: E | AR39: 0 | AS39: E | AT39: E | AU39: E | AV39: E | AW39: E | AY39: =SUM(BA39:BE39) -> 20 | AZ39: =COUNTIF($G39:$AT39,"0") -> 6 | BA39: =COUNTIF($G39:$AC39,BA$1) -> 0 | BB39: =COUNTIF($G39:$AC39,BB$1) -> 0 | BC39: =COUNTIF($G39:$AC39,BC$1) -> 0 | BD39: =COUNTIF($G39:$AC39,BD$1) -> 0 | BE39: =COUNTIF($G39:$AC39,BE$1) -> 20
A40: 38 | B40: AT4 | C40: AT7 | D40: Nguyễn Thanh Phong | E40: phong.nguyen | F40: Agent | G40: A | H40: 0 | I40: A | J40: A | K40: A | L40: A | M40: A | N40: A | O40: A | P40: 0 | Q40: A | R40: A | S40: A | T40: A | U40: A | V40: 0 | W40: A | X40: A | Y40: A | Z40: A | AA40: A | AB40: A | AC40: 0 | AD40: E | AE40: E | AF40: E | AG40: E | AH40: E | AI40: E | AJ40: 0 | AK40: E | AL40: E | AM40: E | AN40: E | AO40: E | AP40: E | AQ40: 0 | AR40: E | AS40: E | AT40: E | AU40: E | AV40: E | AW40: E | AY40: =SUM(BA40:BE40) -> 19 | AZ40: =COUNTIF($G40:$AT40,"0") -> 6 | BA40: =COUNTIF($G40:$AC40,BA$1) -> 19 | BB40: =COUNTIF($G40:$AC40,BB$1) -> 0 | BC40: =COUNTIF($G40:$AC40,BC$1) -> 0 | BD40: =COUNTIF($G40:$AC40,BD$1) -> 0 | BE40: =COUNTIF($G40:$AC40,BE$1) -> 0
A41: 39 | B41: AT5 | C41: AT7 | D41: Võ Hoàng Gia Bảo | E41: bao.vo | F41: Sr Agent | G41: A | H41: A | I41: 0 | J41: A | K41: A | L41: A | M41: A | N41: A | O41: A | P41: A | Q41: 0 | R41: A | S41: A | T41: A | U41: A | V41: A | W41: 0 | X41: A | Y41: A | Z41: A | AA41: A | AB41: A | AC41: A | AD41: 0 | AE41: E | AF41: E | AG41: E | AH41: E | AI41: E | AJ41: E | AK41: 0 | AL41: E | AM41: E | AN41: E | AO41: E | AP41: E | AQ41: E | AR41: 0 | AS41: E | AT41: E | AU41: E | AV41: E | AW41: E | AY41: =SUM(BA41:BE41) -> 20 | AZ41: =COUNTIF($G41:$AT41,"0") -> 6 | BA41: =COUNTIF($G41:$AC41,BA$1) -> 20 | BB41: =COUNTIF($G41:$AC41,BB$1) -> 0 | BC41: =COUNTIF($G41:$AC41,BC$1) -> 0 | BD41: =COUNTIF($G41:$AC41,BD$1) -> 0 | BE41: =COUNTIF($G41:$AC41,BE$1) -> 0
A42: 40 | B42: AT7 | C42: AT7 | D42: Vũ Đình Nguyễn | E42: nguyen.vudinh | F42: Agent | G42: E | H42: 0 | I42: E | J42: E | K42: E | L42: E | M42: E | N42: E | O42: E | P42: 0 | Q42: E | R42: E | S42: E | T42: E | U42: E | V42: 0 | W42: E | X42: E | Y42: E | Z42: E | AA42: E | AB42: E | AC42: E | AD42: 0 | AE42: E | AF42: E | AG42: E | AH42: E | AI42: E | AJ42: E | AK42: 0 | AL42: D | AM42: D | AN42: D | AO42: D | AP42: D | AQ42: D | AR42: D | AS42: 0 | AT42: D | AU42: D | AV42: D | AW42: D | AY42: =SUM(BA42:BE42) -> 20 | AZ42: =COUNTIF($G42:$AT42,"0") -> 6 | BA42: =COUNTIF($G42:$AC42,BA$1) -> 0 | BB42: =COUNTIF($G42:$AC42,BB$1) -> 0 | BC42: =COUNTIF($G42:$AC42,BC$1) -> 0 | BD42: =COUNTIF($G42:$AC42,BD$1) -> 0 | BE42: =COUNTIF($G42:$AC42,BE$1) -> 20
A43: 41 | B43: AT7 | C43: AT7 | D43: Ngô Minh Đức | E43: duc.ngominh | F43: Agent | G43: E | H43: 0 | I43: E | J43: E | K43: E | L43: E | M43: E | N43: E | O43: E | P43: 0 | Q43: E | R43: E | S43: E | T43: E | U43: E | V43: 0 | W43: E | X43: E | Y43: E | Z43: E | AA43: E | AB43: E | AC43: 0 | AD43: E | AE43: E | AF43: E | AG43: E | AH43: E | AI43: E | AJ43: E | AK43: 0 | AL43: D | AM43: D | AN43: D | AO43: D | AP43: D | AQ43: D | AR43: D | AS43: 0 | AT43: D | AU43: D | AV43: D | AW43: D | AY43: =SUM(BA43:BE43) -> 19 | AZ43: =COUNTIF($G43:$AT43,"0") -> 6 | BA43: =COUNTIF($G43:$AC43,BA$1) -> 0 | BB43: =COUNTIF($G43:$AC43,BB$1) -> 0 | BC43: =COUNTIF($G43:$AC43,BC$1) -> 0 | BD43: =COUNTIF($G43:$AC43,BD$1) -> 0 | BE43: =COUNTIF($G43:$AC43,BE$1) -> 19
A44: 43 | B44: AT11 | C44: AT8 | D44: Phạm Thị Hiền | E44: hien.phamthi | F44: Agent | G44: E | H44: 0 | I44: E | J44: E | K44: E | L44: E | M44: E | N44: E | O44: E | P44: 0 | Q44: E | R44: E | S44: E | T44: E | U44: E | V44: 0 | W44: E | X44: E | Y44: E | Z44: E | AA44: E | AB44: E | AC44: 0 | AD44: E | AE44: E | AF44: E | AG44: E | AH44: E | AI44: E | AJ44: 0 | AK44: E | AL44: E | AM44: E | AN44: E | AO44: E | AP44: E | AQ44: 0 | AR44: E | AS44: E | AT44: E | AU44: E | AV44: E | AW44: E | AY44: =SUM(BA44:BE44) -> 19 | AZ44: =COUNTIF($G44:$AT44,"0") -> 6 | BA44: =COUNTIF($G44:$AC44,BA$1) -> 0 | BB44: =COUNTIF($G44:$AC44,BB$1) -> 0 | BC44: =COUNTIF($G44:$AC44,BC$1) -> 0 | BD44: =COUNTIF($G44:$AC44,BD$1) -> 0 | BE44: =COUNTIF($G44:$AC44,BE$1) -> 19
A45: 44 | B45: AT12 | C45: AT8 | D45: Ngô Thục Oanh | E45: oanh.ngo | F45: Agent | G45: E | H45: 0 | I45: E | J45: E | K45: E | L45: E | M45: E | N45: E | O45: 0 | P45: E | Q45: E | R45: E | S45: E | T45: E | U45: E | V45: E | W45: 0 | X45: E | Y45: E | Z45: E | AA45: E | AB45: E | AC45: 0 | AD45: E | AE45: E | AF45: E | AG45: E | AH45: E | AI45: E | AJ45: 0 | AK45: E | AL45: E | AM45: E | AN45: E | AO45: E | AP45: E | AQ45: 0 | AR45: E | AS45: E | AT45: E | AU45: E | AV45: E | AW45: E | AY45: =SUM(BA45:BE45) -> 19 | AZ45: =COUNTIF($G45:$AT45,"0") -> 6 | BA45: =COUNTIF($G45:$AC45,BA$1) -> 0 | BB45: =COUNTIF($G45:$AC45,BB$1) -> 0 | BC45: =COUNTIF($G45:$AC45,BC$1) -> 0 | BD45: =COUNTIF($G45:$AC45,BD$1) -> 0 | BE45: =COUNTIF($G45:$AC45,BE$1) -> 19
A46: 45 | B46: AT2 | C46: AT8 | D46: Trần Trọng Tuấn | E46: tuan.tran | F46: Agent | G46: E | H46: E | I46: 0 | J46: E | K46: E | L46: E | M46: E | N46: E | O46: 0 | P46: E | Q46: E | R46: E | S46: E | T46: E | U46: E | V46: E | W46: 0 | X46: E | Y46: E | Z46: E | AA46: E | AB46: E | AC46: E | AD46: 0 | AE46: E | AF46: E | AG46: E | AH46: E | AI46: E | AJ46: E | AK46: 0 | AL46: E | AM46: E | AN46: E | AO46: E | AP46: E | AQ46: E | AR46: 0 | AS46: E | AT46: E | AU46: E | AV46: E | AW46: E | AY46: =SUM(BA46:BE46) -> 20 | AZ46: =COUNTIF($G46:$AT46,"0") -> 6 | BA46: =COUNTIF($G46:$AC46,BA$1) -> 0 | BB46: =COUNTIF($G46:$AC46,BB$1) -> 0 | BC46: =COUNTIF($G46:$AC46,BC$1) -> 0 | BD46: =COUNTIF($G46:$AC46,BD$1) -> 0 | BE46: =COUNTIF($G46:$AC46,BE$1) -> 20
A47: 46 | B47: AT12 | C47: AT8 | D47: Nguyễn Ngọc Thương Thảo | E47: thao.nguyen | F47: Sr Agent | G47: E | H47: E | I47: 0 | J47: E | K47: E | L47: E | M47: E | N47: E | O47: E | P47: 0 | Q47: E | R47: E | S47: E | T47: E | U47: E | V47: E | W47: 0 | X47: E | Y47: E | Z47: E | AA47: E | AB47: E | AC47: E | AD47: 0 | AE47: E | AF47: E | AG47: E | AH47: E | AI47: E | AJ47: 0 | AK47: E | AL47: E | AM47: E | AN47: E | AO47: E | AP47: E | AQ47: E | AR47: 0 | AS47: E | AT47: E | AU47: E | AV47: E | AW47: E | AY47: =SUM(BA47:BE47) -> 20 | AZ47: =COUNTIF($G47:$AT47,"0") -> 6 | BA47: =COUNTIF($G47:$AC47,BA$1) -> 0 | BB47: =COUNTIF($G47:$AC47,BB$1) -> 0 | BC47: =COUNTIF($G47:$AC47,BC$1) -> 0 | BD47: =COUNTIF($G47:$AC47,BD$1) -> 0 | BE47: =COUNTIF($G47:$AC47,BE$1) -> 20
A48: 47 | B48: AT3 | C48: AT8 | D48: Nguyễn Thị Kim Chi | E48: chi.nguyen | F48: Sr Agent | G48: D | H48: D | I48: 0 | J48: E | K48: E | L48: E | M48: E | N48: E | O48: 0 | P48: E | Q48: E | R48: E | S48: E | T48: E | U48: E | V48: E | W48: 0 | X48: E | Y48: E | Z48: E | AA48: E | AB48: E | AC48: E | AD48: 0 | AE48: E | AF48: E | AG48: E | AH48: E | AI48: E | AJ48: 0 | AK48: E | AL48: E | AM48: E | AN48: E | AO48: E | AP48: E | AQ48: E | AR48: 0 | AS48: E | AT48: E | AU48: E | AV48: E | AW48: E | AY48: =SUM(BA48:BE48) -> 20 | AZ48: =COUNTIF($G48:$AT48,"0") -> 6 | BA48: =COUNTIF($G48:$AC48,BA$1) -> 0 | BB48: =COUNTIF($G48:$AC48,BB$1) -> 0 | BC48: =COUNTIF($G48:$AC48,BC$1) -> 0 | BD48: =COUNTIF($G48:$AC48,BD$1) -> 2 | BE48: =COUNTIF($G48:$AC48,BE$1) -> 18
A49: 42 | B49: AT11 | C49: AT8 | D49: Lê Công Triết | E49: triet.le | F49: Agent | G49: A | H49: 0 | I49: A | J49: A | K49: A | L49: A | M49: A | N49: A | O49: 0 | P49: A | Q49: A | R49: A | S49: A | T49: A | U49: A | V49: 0 | W49: A | X49: A | Y49: A | Z49: A | AA49: A | AB49: A | AC49: A | AD49: 0 | AE49: E | AF49: E | AG49: E | AH49: E | AI49: E | AJ49: E | AK49: 0 | AL49: E | AM49: E | AN49: E | AO49: E | AP49: E | AQ49: 0 | AR49: E | AS49: E | AT49: E | AU49: E | AV49: E | AW49: E | AY49: =SUM(BA49:BE49) -> 20 | AZ49: =COUNTIF($G49:$AT49,"0") -> 6 | BA49: =COUNTIF($G49:$AC49,BA$1) -> 20 | BB49: =COUNTIF($G49:$AC49,BB$1) -> 0 | BC49: =COUNTIF($G49:$AC49,BC$1) -> 0 | BD49: =COUNTIF($G49:$AC49,BD$1) -> 0 | BE49: =COUNTIF($G49:$AC49,BE$1) -> 0
A50: 15 | B50: AT9 | C50: AT3 | D50: Nguyễn Hữu Thọ | E50: tho.nh | F50: Agent | G50: D | H50: D | I50: 0 | J50: D | K50: D | L50: D | M50: D | N50: D | O50: D | P50: 0 | Q50: D | R50: D | S50: D | T50: D | U50: D | V50: 0 | W50: D | X50: D | Y50: D | Z50: D | AA50: D | AB50: D | AC50: 0 | AD50: D | AE50: D | AF50: D | AG50: D | AH50: D | AI50: D | AJ50: D | AK50: 0 | AL50: D | AM50: D | AN50: D | AO50: D | AP50: D | AQ50: D | AR50: D | AS50: 0 | AT50: D | AU50: D | AV50: D | AW50: D | AY50: =SUM(BA50:BE50) -> 19 | AZ50: =COUNTIF($G50:$AT50,"0") -> 6 | BA50: =COUNTIF($G50:$AC50,BA$1) -> 0 | BB50: =COUNTIF($G50:$AC50,BB$1) -> 0 | BC50: =COUNTIF($G50:$AC50,BC$1) -> 0 | BD50: =COUNTIF($G50:$AC50,BD$1) -> 19 | BE50: =COUNTIF($G50:$AC50,BE$1) -> 0
AY51: =SUM(BA51:BE51) -> 0 | AZ51: =COUNTIF($G51:$AT51,"0") -> 0 | BA51: =COUNTIF($G51:$AC51,BA$1) -> 0 | BB51: =COUNTIF($G51:$AC51,BB$1) -> 0 | BC51: =COUNTIF($G51:$AC51,BC$1) -> 0 | BD51: =COUNTIF($G51:$AC51,BD$1) -> 0 | BE51: =COUNTIF($G51:$AC51,BE$1) -> 0
